epi_week,date,country,state,name_muni,abbrev_state,ibgeID,newDeaths,deaths,newCases,totalCases,deaths_per_100k_inhabitants,totalCases_per_100k_inhabitants,newDeaths_per_100k_inhabitants,newCases_per_100k_inhabitants,deaths_by_totalCases,_source,last_info_date,pop2019
14,2020-04-04,Brazil,SP,Botucatu,SP,3507506,0,0,7,7,0,4.72558,0,4.7782548448091084,0,SES,2021-07-20,146497
15,2020-04-07,Brazil,SP,Botucatu,SP,3507506,0,0,1,8,0,5.40066,0,0.6826078349727298,0,SES,2021-07-20,146497
15,2020-04-08,Brazil,SP,Botucatu,SP,3507506,1,1,1,9,0.67508,6.07574,0.6826078349727298,0.6826078349727298,0.11111,SES,2021-07-20,146497
15,2020-04-09,Brazil,SP,Botucatu,SP,3507506,0,1,6,15,0.67508,10.12624,0,4.095647009836378,0.06667,SES,2021-07-20,146497
16,2020-04-13,Brazil,SP,Botucatu,SP,3507506,0,1,1,16,0.67508,10.80132,0,0.6826078349727298,0.0625,SES,2021-07-20,146497
16,2020-04-14,Brazil,SP,Botucatu,SP,3507506,1,2,7,23,1.35017,15.5269,0.6826078349727298,4.7782548448091084,0.08696,SES,2021-07-20,146497
16,2020-04-16,Brazil,SP,Botucatu,SP,3507506,0,2,1,24,1.35017,16.20198,0,0.6826078349727298,0.08333,SES,2021-07-20,146497
16,2020-04-17,Brazil,SP,Botucatu,SP,3507506,0,2,3,27,1.35017,18.22723,0,2.047823504918189,0.07407,SES,2021-07-20,146497
17,2020-04-21,Brazil,SP,Botucatu,SP,3507506,0,2,1,28,1.35017,18.90232,0,0.6826078349727298,0.07143,SES,2021-07-20,146497
17,2020-04-24,Brazil,SP,Botucatu,SP,3507506,0,2,7,35,1.35017,23.62789,0,4.7782548448091084,0.05714,SES,2021-07-20,146497
17,2020-04-25,Brazil,SP,Botucatu,SP,3507506,0,2,3,38,1.35017,25.65314,0,2.047823504918189,0.05263,SES,2021-07-20,146497
18,2020-04-27,Brazil,SP,Botucatu,SP,3507506,0,2,2,40,1.35017,27.00331,0,1.3652156699454596,0.05,SES,2021-07-20,146497
18,2020-04-28,Brazil,SP,Botucatu,SP,3507506,0,2,12,52,1.35017,35.1043,0,8.191294019672757,0.03846,SES,2021-07-20,146497
18,2020-04-29,Brazil,SP,Botucatu,SP,3507506,2,4,4,56,2.70033,37.80463,1.3652156699454596,2.7304313398909192,0.07143,SES,2021-07-20,146497
18,2020-04-30,Brazil,SP,Botucatu,SP,3507506,0,4,11,67,2.70033,45.23054,0,7.508686184700028,0.0597,SES,2021-07-20,146497
18,2020-05-01,Brazil,SP,Botucatu,SP,3507506,0,4,6,73,2.70033,49.28104,0,4.095647009836378,0.05479,SES,2021-07-20,146497
18,2020-05-02,Brazil,SP,Botucatu,SP,3507506,0,4,1,74,2.70033,49.95612,0,0.6826078349727298,0.05405,SES,2021-07-20,146497
19,2020-05-06,Brazil,SP,Botucatu,SP,3507506,0,4,10,84,2.70033,56.70695,0,6.826078349727298,0.04762,SES,2021-07-20,146497
19,2020-05-07,Brazil,SP,Botucatu,SP,3507506,1,5,4,88,3.37541,59.40728,0.6826078349727298,2.7304313398909192,0.05682,SES,2021-07-20,146497
19,2020-05-08,Brazil,SP,Botucatu,SP,3507506,0,5,2,90,3.37541,60.75744,0,1.3652156699454596,0.05556,SES,2021-07-20,146497
19,2020-05-09,Brazil,SP,Botucatu,SP,3507506,0,5,5,95,3.37541,64.13286,0,3.413039174863649,0.05263,SES,2021-07-20,146497
20,2020-05-10,Brazil,SP,Botucatu,SP,3507506,0,5,6,101,3.37541,68.18335,0,4.095647009836378,0.0495,SES,2021-07-20,146497
20,2020-05-12,Brazil,SP,Botucatu,SP,3507506,0,5,5,106,3.37541,71.55877,0,3.413039174863649,0.04717,SES,2021-07-20,146497
20,2020-05-13,Brazil,SP,Botucatu,SP,3507506,0,5,15,121,3.37541,81.68501,0,10.239117524590947,0.04132,SES,2021-07-20,146497
20,2020-05-14,Brazil,SP,Botucatu,SP,3507506,0,5,3,124,3.37541,83.71025,0,2.047823504918189,0.04032,SES,2021-07-20,146497
20,2020-05-15,Brazil,SP,Botucatu,SP,3507506,0,5,6,130,3.37541,87.76075,0,4.095647009836378,0.03846,SES,2021-07-20,146497
20,2020-05-16,Brazil,SP,Botucatu,SP,3507506,1,6,13,143,4.0505,96.53683,0.6826078349727298,8.873901854645487,0.04196,SES,2021-07-20,146497
21,2020-05-17,Brazil,SP,Botucatu,SP,3507506,0,6,8,151,4.0505,101.93749,0,5.4608626797818385,0.03974,SES,2021-07-20,146497
21,2020-05-18,Brazil,SP,Botucatu,SP,3507506,0,6,8,159,4.0505,107.33815,0,5.4608626797818385,0.03774,SES,2021-07-20,146497
21,2020-05-19,Brazil,SP,Botucatu,SP,3507506,1,7,1,160,4.72558,108.01323,0.6826078349727298,0.6826078349727298,0.04375,SES,2021-07-20,146497
21,2020-05-20,Brazil,SP,Botucatu,SP,3507506,0,7,23,183,4.72558,123.54013,0,15.699980204372785,0.03825,SES,2021-07-20,146497
21,2020-05-21,Brazil,SP,Botucatu,SP,3507506,0,7,10,193,4.72558,130.29096,0,6.826078349727298,0.03627,SES,2021-07-20,146497
21,2020-05-22,Brazil,SP,Botucatu,SP,3507506,0,7,3,196,4.72558,132.31621,0,2.047823504918189,0.03571,SES,2021-07-20,146497
21,2020-05-23,Brazil,SP,Botucatu,SP,3507506,0,7,8,204,4.72558,137.71687,0,5.4608626797818385,0.03431,SES,2021-07-20,146497
22,2020-05-24,Brazil,SP,Botucatu,SP,3507506,0,7,13,217,4.72558,146.49295,0,8.873901854645487,0.03226,SES,2021-07-20,146497
22,2020-05-25,Brazil,SP,Botucatu,SP,3507506,0,7,1,218,4.72558,147.16803,0,0.6826078349727298,0.03211,SES,2021-07-20,146497
22,2020-05-27,Brazil,SP,Botucatu,SP,3507506,0,7,20,238,4.72558,160.66968,0,13.652156699454595,0.02941,SES,2021-07-20,146497
22,2020-05-28,Brazil,SP,Botucatu,SP,3507506,0,7,19,257,4.72558,173.49625,0,12.969548864481865,0.02724,SES,2021-07-20,146497
22,2020-05-29,Brazil,SP,Botucatu,SP,3507506,0,7,4,261,4.72558,176.19658,0,2.7304313398909192,0.02682,SES,2021-07-20,146497
22,2020-05-30,Brazil,SP,Botucatu,SP,3507506,0,7,15,276,4.72558,186.32282,0,10.239117524590947,0.02536,SES,2021-07-20,146497
23,2020-05-31,Brazil,SP,Botucatu,SP,3507506,0,7,8,284,4.72558,191.72349,0,5.4608626797818385,0.02465,SES,2021-07-20,146497
23,2020-06-02,Brazil,SP,Botucatu,SP,3507506,0,7,18,302,4.72558,203.87497,0,12.286941029509135,0.02318,SES,2021-07-20,146497
23,2020-06-03,Brazil,SP,Botucatu,SP,3507506,0,7,2,304,4.72558,205.22514,0,1.3652156699454596,0.02303,SES,2021-07-20,146497
23,2020-06-04,Brazil,SP,Botucatu,SP,3507506,0,7,21,325,4.72558,219.40188,0,14.334764534427325,0.02154,SES,2021-07-20,146497
23,2020-06-05,Brazil,SP,Botucatu,SP,3507506,1,8,19,344,5.40066,232.22845,0.6826078349727298,12.969548864481865,0.02326,SES,2021-07-20,146497
23,2020-06-06,Brazil,SP,Botucatu,SP,3507506,1,9,-1,343,6.07574,231.55337,0.6826078349727298,-0.6826078349727298,0.02624,SES,2021-07-20,146497
24,2020-06-07,Brazil,SP,Botucatu,SP,3507506,0,9,35,378,6.07574,255.18126,0,23.891274224045542,0.02381,SES,2021-07-20,146497
24,2020-06-08,Brazil,SP,Botucatu,SP,3507506,0,9,2,380,6.07574,256.53143,0,1.3652156699454596,0.02368,SES,2021-07-20,146497
24,2020-06-09,Brazil,SP,Botucatu,SP,3507506,0,9,3,383,6.07574,258.55667,0,2.047823504918189,0.0235,SES,2021-07-20,146497
24,2020-06-10,Brazil,SP,Botucatu,SP,3507506,0,9,10,393,6.07574,265.3075,0,6.826078349727298,0.0229,SES,2021-07-20,146497
24,2020-06-11,Brazil,SP,Botucatu,SP,3507506,0,9,18,411,6.07574,277.45898999999997,0,12.286941029509135,0.0219,SES,2021-07-20,146497
24,2020-06-12,Brazil,SP,Botucatu,SP,3507506,0,9,14,425,6.07574,286.91015,0,9.556509689618217,0.02118,SES,2021-07-20,146497
24,2020-06-13,Brazil,SP,Botucatu,SP,3507506,1,10,1,426,6.75083,287.58523,0.6826078349727298,0.6826078349727298,0.02347,SES,2021-07-20,146497
25,2020-06-14,Brazil,SP,Botucatu,SP,3507506,0,10,1,427,6.75083,288.26031,0,0.6826078349727298,0.02342,SES,2021-07-20,146497
25,2020-06-15,Brazil,SP,Botucatu,SP,3507506,0,10,1,428,6.75083,288.93539,0,0.6826078349727298,0.02336,SES,2021-07-20,146497
25,2020-06-16,Brazil,SP,Botucatu,SP,3507506,0,10,16,444,6.75083,299.73672,0,10.921725359563677,0.02252,SES,2021-07-20,146497
25,2020-06-19,Brazil,SP,Botucatu,SP,3507506,2,12,40,484,8.10099,326.74003,1.3652156699454596,27.30431339890919,0.02479,SES,2021-07-20,146497
25,2020-06-20,Brazil,SP,Botucatu,SP,3507506,1,13,8,492,8.77608,332.14069,0.6826078349727298,5.4608626797818385,0.02642,SES,2021-07-20,146497
26,2020-06-21,Brazil,SP,Botucatu,SP,3507506,0,13,23,515,8.77608,347.66759,0,15.699980204372785,0.02524,SES,2021-07-20,146497
26,2020-06-22,Brazil,SP,Botucatu,SP,3507506,0,13,1,516,8.77608,348.34267,0,0.6826078349727298,0.02519,SES,2021-07-20,146497
26,2020-06-23,Brazil,SP,Botucatu,SP,3507506,0,13,8,524,8.77608,353.74333,0,5.4608626797818385,0.02481,SES,2021-07-20,146497
26,2020-06-24,Brazil,SP,Botucatu,SP,3507506,1,14,14,538,9.45116,363.19449,0.6826078349727298,9.556509689618217,0.02602,SES,2021-07-20,146497
26,2020-06-25,Brazil,SP,Botucatu,SP,3507506,0,14,14,552,9.45116,372.64565,0,9.556509689618217,0.02536,SES,2021-07-20,146497
26,2020-06-26,Brazil,SP,Botucatu,SP,3507506,1,15,31,583,10.12624,393.57321,0.6826078349727298,21.160842884154622,0.02573,SES,2021-07-20,146497
26,2020-06-27,Brazil,SP,Botucatu,SP,3507506,0,15,5,588,10.12624,396.94863,0,3.413039174863649,0.02551,SES,2021-07-20,146497
27,2020-06-28,Brazil,SP,Botucatu,SP,3507506,0,15,15,603,10.12624,407.07487,0,10.239117524590947,0.02488,SES,2021-07-20,146497
27,2020-06-29,Brazil,SP,Botucatu,SP,3507506,0,15,22,625,10.12624,421.92669,0,15.017372369400055,0.024,SES,2021-07-20,146497
27,2020-06-30,Brazil,SP,Botucatu,SP,3507506,0,15,6,631,10.12624,425.97718,0,4.095647009836378,0.02377,SES,2021-07-20,146497
27,2020-07-01,Brazil,SP,Botucatu,SP,3507506,0,15,24,655,10.12624,442.17917,0,16.382588039345514,0.0229,SES,2021-07-20,146497
27,2020-07-02,Brazil,SP,Botucatu,SP,3507506,0,15,24,679,10.12624,458.38115,0,16.382588039345514,0.02209,SES,2021-07-20,146497
27,2020-07-03,Brazil,SP,Botucatu,SP,3507506,0,15,30,709,10.12624,478.63363,0,20.478235049181894,0.02116,SES,2021-07-20,146497
27,2020-07-04,Brazil,SP,Botucatu,SP,3507506,0,15,3,712,10.12624,480.65888,0,2.047823504918189,0.02107,SES,2021-07-20,146497
28,2020-07-05,Brazil,SP,Botucatu,SP,3507506,0,15,19,731,10.12624,493.48545,0,12.969548864481865,0.02052,SES,2021-07-20,146497
28,2020-07-06,Brazil,SP,Botucatu,SP,3507506,0,15,27,758,10.12624,511.71268,0,18.430411544263702,0.01979,SES,2021-07-20,146497
28,2020-07-07,Brazil,SP,Botucatu,SP,3507506,1,16,13,771,10.80132,520.48876,0.6826078349727298,8.873901854645487,0.02075,SES,2021-07-20,146497
28,2020-07-08,Brazil,SP,Botucatu,SP,3507506,0,16,1,772,10.80132,521.16384,0,0.6826078349727298,0.02073,SES,2021-07-20,146497
28,2020-07-09,Brazil,SP,Botucatu,SP,3507506,1,17,19,791,11.47641,533.99041,0.6826078349727298,12.969548864481865,0.02149,SES,2021-07-20,146497
28,2020-07-10,Brazil,SP,Botucatu,SP,3507506,1,18,27,818,12.15149,552.21765,0.6826078349727298,18.430411544263702,0.022,SES,2021-07-20,146497
28,2020-07-11,Brazil,SP,Botucatu,SP,3507506,0,18,22,840,12.15149,567.06947,0,15.017372369400055,0.02143,SES,2021-07-20,146497
29,2020-07-12,Brazil,SP,Botucatu,SP,3507506,0,18,1,841,12.15149,567.74455,0,0.6826078349727298,0.0214,SES,2021-07-20,146497
29,2020-07-14,Brazil,SP,Botucatu,SP,3507506,0,18,44,885,12.15149,597.44819,0,30.03474473880011,0.02034,SES,2021-07-20,146497
29,2020-07-15,Brazil,SP,Botucatu,SP,3507506,1,19,6,891,12.82657,601.49868,0.6826078349727298,4.095647009836378,0.02132,SES,2021-07-20,146497
29,2020-07-16,Brazil,SP,Botucatu,SP,3507506,0,19,9,900,12.82657,607.57443,0,6.143470514754568,0.02111,SES,2021-07-20,146497
29,2020-07-17,Brazil,SP,Botucatu,SP,3507506,0,19,18,918,12.82657,619.72592,0,12.286941029509135,0.0207,SES,2021-07-20,146497
29,2020-07-18,Brazil,SP,Botucatu,SP,3507506,0,19,4,922,12.82657,622.42625,0,2.7304313398909192,0.02061,SES,2021-07-20,146497
30,2020-07-19,Brazil,SP,Botucatu,SP,3507506,0,19,1,923,12.82657,623.10133,0,0.6826078349727298,0.02059,SES,2021-07-20,146497
30,2020-07-20,Brazil,SP,Botucatu,SP,3507506,0,19,7,930,12.82657,627.82691,0,4.7782548448091084,0.02043,SES,2021-07-20,146497
30,2020-07-21,Brazil,SP,Botucatu,SP,3507506,0,19,5,935,12.82657,631.20232,0,3.413039174863649,0.02032,SES,2021-07-20,146497
30,2020-07-22,Brazil,SP,Botucatu,SP,3507506,0,19,75,1010,12.82657,681.83352,0,51.19558762295473,0.01881,SES,2021-07-20,146497
30,2020-07-23,Brazil,SP,Botucatu,SP,3507506,0,19,41,1051,12.82657,709.51192,0,27.98692123388192,0.01808,SES,2021-07-20,146497
30,2020-07-24,Brazil,SP,Botucatu,SP,3507506,4,23,20,1071,15.5269,723.01357,2.7304313398909192,13.652156699454595,0.02148,SES,2021-07-20,146497
30,2020-07-25,Brazil,SP,Botucatu,SP,3507506,0,23,47,1118,15.5269,754.74246,0,32.0825682437183,0.02057,SES,2021-07-20,146497
31,2020-07-26,Brazil,SP,Botucatu,SP,3507506,1,24,2,1120,16.20198,756.09262,0.6826078349727298,1.3652156699454596,0.02143,SES,2021-07-20,146497
31,2020-07-28,Brazil,SP,Botucatu,SP,3507506,0,24,32,1152,16.20198,777.69527,0,21.843450719127354,0.02083,SES,2021-07-20,146497
31,2020-07-29,Brazil,SP,Botucatu,SP,3507506,1,25,18,1170,16.87707,789.84676,0.6826078349727298,12.286941029509135,0.02137,SES,2021-07-20,146497
31,2020-07-30,Brazil,SP,Botucatu,SP,3507506,0,25,44,1214,16.87707,819.55039,0,30.03474473880011,0.02059,SES,2021-07-20,146497
31,2020-07-31,Brazil,SP,Botucatu,SP,3507506,0,25,1,1215,16.87707,820.22548,0,0.6826078349727298,0.02058,SES,2021-07-20,146497
31,2020-08-01,Brazil,SP,Botucatu,SP,3507506,1,26,38,1253,17.55215,845.87862,0.6826078349727298,25.93909772896373,0.02075,SES,2021-07-20,146497
32,2020-08-04,Brazil,SP,Botucatu,SP,3507506,0,26,40,1293,17.55215,872.88193,0,27.30431339890919,0.02011,SES,2021-07-20,146497
32,2020-08-05,Brazil,SP,Botucatu,SP,3507506,0,26,-2,1291,17.55215,871.53176,0,-1.3652156699454596,0.02014,SES,2021-07-20,146497
32,2020-08-06,Brazil,SP,Botucatu,SP,3507506,1,27,41,1332,18.22723,899.21015,0.6826078349727298,27.98692123388192,0.02027,SES,2021-07-20,146497
32,2020-08-07,Brazil,SP,Botucatu,SP,3507506,0,27,13,1345,18.22723,907.98623,0,8.873901854645487,0.02007,SES,2021-07-20,146497
32,2020-08-08,Brazil,SP,Botucatu,SP,3507506,0,27,39,1384,18.22723,934.31445,0,26.621705563936462,0.01951,SES,2021-07-20,146497
33,2020-08-09,Brazil,SP,Botucatu,SP,3507506,1,28,20,1404,18.90232,947.81611,0.6826078349727298,13.652156699454595,0.01994,SES,2021-07-20,146497
33,2020-08-11,Brazil,SP,Botucatu,SP,3507506,0,28,29,1433,18.90232,967.39351,0,19.795627214209162,0.01954,SES,2021-07-20,146497
33,2020-08-12,Brazil,SP,Botucatu,SP,3507506,0,28,18,1451,18.90232,979.54499,0,12.286941029509135,0.0193,SES,2021-07-20,146497
33,2020-08-13,Brazil,SP,Botucatu,SP,3507506,0,28,14,1465,18.90232,988.99615,0,9.556509689618217,0.01911,SES,2021-07-20,146497
33,2020-08-14,Brazil,SP,Botucatu,SP,3507506,0,28,32,1497,18.90232,1010.5988,0,21.843450719127354,0.0187,SES,2021-07-20,146497
33,2020-08-15,Brazil,SP,Botucatu,SP,3507506,0,28,29,1526,18.90232,1030.1762,0,19.795627214209162,0.01835,SES,2021-07-20,146497
34,2020-08-16,Brazil,SP,Botucatu,SP,3507506,0,28,19,1545,18.90232,1043.00277,0,12.969548864481865,0.01812,SES,2021-07-20,146497
34,2020-08-17,Brazil,SP,Botucatu,SP,3507506,0,28,16,1561,18.90232,1053.80409,0,10.921725359563677,0.01794,SES,2021-07-20,146497
34,2020-08-18,Brazil,SP,Botucatu,SP,3507506,1,29,8,1569,19.5774,1059.20475,0.6826078349727298,5.4608626797818385,0.01848,SES,2021-07-20,146497
34,2020-08-19,Brazil,SP,Botucatu,SP,3507506,0,29,14,1583,19.5774,1068.65591,0,9.556509689618217,0.01832,SES,2021-07-20,146497
34,2020-08-20,Brazil,SP,Botucatu,SP,3507506,0,29,34,1617,19.5774,1091.60872,0,23.20866638907281,0.01793,SES,2021-07-20,146497
34,2020-08-21,Brazil,SP,Botucatu,SP,3507506,0,29,21,1638,19.5774,1105.78546,0,14.334764534427325,0.0177,SES,2021-07-20,146497
34,2020-08-22,Brazil,SP,Botucatu,SP,3507506,0,29,15,1653,19.5774,1115.9117,0,10.239117524590947,0.01754,SES,2021-07-20,146497
35,2020-08-23,Brazil,SP,Botucatu,SP,3507506,0,29,30,1683,19.5774,1136.16418,0,20.478235049181894,0.01723,SES,2021-07-20,146497
35,2020-08-24,Brazil,SP,Botucatu,SP,3507506,0,29,20,1703,19.5774,1149.66583,0,13.652156699454595,0.01703,SES,2021-07-20,146497
35,2020-08-25,Brazil,SP,Botucatu,SP,3507506,1,30,10,1713,20.25248,1156.41666,0.6826078349727298,6.826078349727298,0.01751,SES,2021-07-20,146497
35,2020-08-26,Brazil,SP,Botucatu,SP,3507506,0,30,57,1770,20.25248,1194.89637,0,38.908646593445596,0.01695,SES,2021-07-20,146497
35,2020-08-27,Brazil,SP,Botucatu,SP,3507506,1,31,7,1777,20.92756,1199.62195,0.6826078349727298,4.7782548448091084,0.01745,SES,2021-07-20,146497
35,2020-08-28,Brazil,SP,Botucatu,SP,3507506,0,31,38,1815,20.92756,1225.2751,0,25.93909772896373,0.01708,SES,2021-07-20,146497
36,2020-08-30,Brazil,SP,Botucatu,SP,3507506,0,31,11,1826,20.92756,1232.70101,0,7.508686184700028,0.01698,SES,2021-07-20,146497
36,2020-08-31,Brazil,SP,Botucatu,SP,3507506,0,31,-1,1825,20.92756,1232.02592,0,-0.6826078349727298,0.01699,SES,2021-07-20,146497
36,2020-09-01,Brazil,SP,Botucatu,SP,3507506,1,32,39,1864,21.60265,1258.35415,0.6826078349727298,26.621705563936462,0.01717,SES,2021-07-20,146497
36,2020-09-02,Brazil,SP,Botucatu,SP,3507506,0,32,39,1903,21.60265,1284.68237,0,26.621705563936462,0.01682,SES,2021-07-20,146497
36,2020-09-03,Brazil,SP,Botucatu,SP,3507506,0,32,14,1917,21.60265,1294.13353,0,9.556509689618217,0.01669,SES,2021-07-20,146497
36,2020-09-04,Brazil,SP,Botucatu,SP,3507506,0,32,37,1954,21.60265,1319.11159,0,25.256489893991002,0.01638,SES,2021-07-20,146497
36,2020-09-05,Brazil,SP,Botucatu,SP,3507506,1,33,19,1973,22.27773,1331.93816,0.6826078349727298,12.969548864481865,0.01673,SES,2021-07-20,146497
37,2020-09-06,Brazil,SP,Botucatu,SP,3507506,0,33,13,1986,22.27773,1340.71424,0,8.873901854645487,0.01662,SES,2021-07-20,146497
37,2020-09-08,Brazil,SP,Botucatu,SP,3507506,0,33,18,2004,22.27773,1352.86573,0,12.286941029509135,0.01647,SES,2021-07-20,146497
37,2020-09-09,Brazil,SP,Botucatu,SP,3507506,3,36,12,2016,24.30298,1360.96672,2.047823504918189,8.191294019672757,0.01786,SES,2021-07-20,146497
37,2020-09-10,Brazil,SP,Botucatu,SP,3507506,0,36,24,2040,24.30298,1377.1687,0,16.382588039345514,0.01765,SES,2021-07-20,146497
37,2020-09-11,Brazil,SP,Botucatu,SP,3507506,1,37,19,2059,24.97806,1389.99527,0.6826078349727298,12.969548864481865,0.01797,SES,2021-07-20,146497
37,2020-09-12,Brazil,SP,Botucatu,SP,3507506,1,38,31,2090,25.65314,1410.92284,0.6826078349727298,21.160842884154622,0.01818,SES,2021-07-20,146497
38,2020-09-13,Brazil,SP,Botucatu,SP,3507506,0,38,3,2093,25.65314,1412.94809,0,2.047823504918189,0.01816,SES,2021-07-20,146497
38,2020-09-14,Brazil,SP,Botucatu,SP,3507506,0,38,3,2096,25.65314,1414.97333,0,2.047823504918189,0.01813,SES,2021-07-20,146497
38,2020-09-15,Brazil,SP,Botucatu,SP,3507506,1,39,19,2115,26.32823,1427.79991,0.6826078349727298,12.969548864481865,0.01844,SES,2021-07-20,146497
38,2020-09-16,Brazil,SP,Botucatu,SP,3507506,0,39,23,2138,26.32823,1443.32681,0,15.699980204372785,0.01824,SES,2021-07-20,146497
38,2020-09-17,Brazil,SP,Botucatu,SP,3507506,1,40,26,2164,27.00331,1460.87896,0.6826078349727298,17.747803709290974,0.01848,SES,2021-07-20,146497
38,2020-09-18,Brazil,SP,Botucatu,SP,3507506,0,40,37,2201,27.00331,1485.85702,0,25.256489893991002,0.01817,SES,2021-07-20,146497
38,2020-09-19,Brazil,SP,Botucatu,SP,3507506,0,40,34,2235,27.00331,1508.80983,0,23.20866638907281,0.0179,SES,2021-07-20,146497
39,2020-09-21,Brazil,SP,Botucatu,SP,3507506,1,41,18,2253,27.67839,1520.96132,0.6826078349727298,12.286941029509135,0.0182,SES,2021-07-20,146497
39,2020-09-22,Brazil,SP,Botucatu,SP,3507506,0,41,2,2255,27.67839,1522.31148,0,1.3652156699454596,0.01818,SES,2021-07-20,146497
39,2020-09-23,Brazil,SP,Botucatu,SP,3507506,0,41,19,2274,27.67839,1535.13805,0,12.969548864481865,0.01803,SES,2021-07-20,146497
39,2020-09-24,Brazil,SP,Botucatu,SP,3507506,0,41,7,2281,27.67839,1539.86363,0,4.7782548448091084,0.01797,SES,2021-07-20,146497
39,2020-09-25,Brazil,SP,Botucatu,SP,3507506,1,42,21,2302,28.35347,1554.04037,0.6826078349727298,14.334764534427325,0.01825,SES,2021-07-20,146497
39,2020-09-26,Brazil,SP,Botucatu,SP,3507506,0,42,12,2314,28.35347,1562.14136,0,8.191294019672757,0.01815,SES,2021-07-20,146497
40,2020-09-29,Brazil,SP,Botucatu,SP,3507506,0,42,14,2328,28.35347,1571.59252,0,9.556509689618217,0.01804,SES,2021-07-20,146497
40,2020-09-30,Brazil,SP,Botucatu,SP,3507506,0,42,18,2346,28.35347,1583.74401,0,12.286941029509135,0.0179,SES,2021-07-20,146497
40,2020-10-01,Brazil,SP,Botucatu,SP,3507506,2,44,13,2359,29.70364,1592.52008,1.3652156699454596,8.873901854645487,0.01865,SES,2021-07-20,146497
40,2020-10-02,Brazil,SP,Botucatu,SP,3507506,0,44,20,2379,29.70364,1606.02174,0,13.652156699454595,0.0185,SES,2021-07-20,146497
40,2020-10-03,Brazil,SP,Botucatu,SP,3507506,0,44,14,2393,29.70364,1615.4729,0,9.556509689618217,0.01839,SES,2021-07-20,146497
41,2020-10-06,Brazil,SP,Botucatu,SP,3507506,1,45,19,2412,30.37872,1628.29947,0.6826078349727298,12.969548864481865,0.01866,SES,2021-07-20,146497
41,2020-10-08,Brazil,SP,Botucatu,SP,3507506,2,47,21,2433,31.72889,1642.4762,1.3652156699454596,14.334764534427325,0.01932,SES,2021-07-20,146497
41,2020-10-09,Brazil,SP,Botucatu,SP,3507506,0,47,10,2443,31.72889,1649.22703,0,6.826078349727298,0.01924,SES,2021-07-20,146497
41,2020-10-10,Brazil,SP,Botucatu,SP,3507506,0,47,16,2459,31.72889,1660.02835,0,10.921725359563677,0.01911,SES,2021-07-20,146497
42,2020-10-12,Brazil,SP,Botucatu,SP,3507506,1,48,2,2461,32.40397,1661.37852,0.6826078349727298,1.3652156699454596,0.0195,SES,2021-07-20,146497
42,2020-10-13,Brazil,SP,Botucatu,SP,3507506,0,48,2,2463,32.40397,1662.72868,0,1.3652156699454596,0.01949,SES,2021-07-20,146497
42,2020-10-14,Brazil,SP,Botucatu,SP,3507506,-1,47,22,2485,31.72889,1677.5805,-0.6826078349727298,15.017372369400055,0.01891,SES,2021-07-20,146497
42,2020-10-15,Brazil,SP,Botucatu,SP,3507506,0,47,9,2494,31.72889,1683.65625,0,6.143470514754568,0.01885,SES,2021-07-20,146497
42,2020-10-17,Brazil,SP,Botucatu,SP,3507506,0,47,19,2513,31.72889,1696.48282,0,12.969548864481865,0.0187,SES,2021-07-20,146497
43,2020-10-18,Brazil,SP,Botucatu,SP,3507506,0,47,4,2517,31.72889,1699.18315,0,2.7304313398909192,0.01867,SES,2021-07-20,146497
43,2020-10-20,Brazil,SP,Botucatu,SP,3507506,0,47,46,2563,31.72889,1730.23695,0,31.39996040874557,0.01834,SES,2021-07-20,146497
43,2020-10-21,Brazil,SP,Botucatu,SP,3507506,0,47,7,2570,31.72889,1734.96253,0,4.7782548448091084,0.01829,SES,2021-07-20,146497
43,2020-10-22,Brazil,SP,Botucatu,SP,3507506,0,47,4,2574,31.72889,1737.66286,0,2.7304313398909192,0.01826,SES,2021-07-20,146497
43,2020-10-23,Brazil,SP,Botucatu,SP,3507506,0,47,13,2587,31.72889,1746.43894,0,8.873901854645487,0.01817,SES,2021-07-20,146497
43,2020-10-24,Brazil,SP,Botucatu,SP,3507506,1,48,17,2604,32.40397,1757.91534,0.6826078349727298,11.604333194536405,0.01843,SES,2021-07-20,146497
44,2020-10-25,Brazil,SP,Botucatu,SP,3507506,0,48,19,2623,32.40397,1770.74192,0,12.969548864481865,0.0183,SES,2021-07-20,146497
44,2020-10-26,Brazil,SP,Botucatu,SP,3507506,0,48,3,2626,32.40397,1772.76716,0,2.047823504918189,0.01828,SES,2021-07-20,146497
44,2020-10-27,Brazil,SP,Botucatu,SP,3507506,1,49,9,2635,33.07905,1778.84291,0.6826078349727298,6.143470514754568,0.0186,SES,2021-07-20,146497
44,2020-10-28,Brazil,SP,Botucatu,SP,3507506,1,50,7,2642,33.75413,1783.56849,0.6826078349727298,4.7782548448091084,0.01893,SES,2021-07-20,146497
44,2020-10-29,Brazil,SP,Botucatu,SP,3507506,0,50,3,2645,33.75413,1785.59374,0,2.047823504918189,0.0189,SES,2021-07-20,146497
44,2020-10-30,Brazil,SP,Botucatu,SP,3507506,0,50,5,2650,33.75413,1788.96915,0,3.413039174863649,0.01887,SES,2021-07-20,146497
44,2020-10-31,Brazil,SP,Botucatu,SP,3507506,0,50,8,2658,33.75413,1794.36981,0,5.4608626797818385,0.01881,SES,2021-07-20,146497
45,2020-11-03,Brazil,SP,Botucatu,SP,3507506,2,52,1,2659,35.1043,1795.04489,1.3652156699454596,0.6826078349727298,0.01956,SES,2021-07-20,146497
45,2020-11-04,Brazil,SP,Botucatu,SP,3507506,0,52,5,2664,35.1043,1798.42031,0,3.413039174863649,0.01952,SES,2021-07-20,146497
45,2020-11-05,Brazil,SP,Botucatu,SP,3507506,0,52,7,2671,35.1043,1803.14589,0,4.7782548448091084,0.01947,SES,2021-07-20,146497
46,2020-11-10,Brazil,SP,Botucatu,SP,3507506,0,52,45,2716,35.1043,1833.52461,0,30.71735257377284,0.01915,SES,2021-07-20,146497
46,2020-11-11,Brazil,SP,Botucatu,SP,3507506,0,52,14,2730,35.1043,1842.97576,0,9.556509689618217,0.01905,SES,2021-07-20,146497
46,2020-11-12,Brazil,SP,Botucatu,SP,3507506,0,52,5,2735,35.1043,1846.35118,0,3.413039174863649,0.01901,SES,2021-07-20,146497
46,2020-11-13,Brazil,SP,Botucatu,SP,3507506,0,52,14,2749,35.1043,1855.80234,0,9.556509689618217,0.01892,SES,2021-07-20,146497
46,2020-11-14,Brazil,SP,Botucatu,SP,3507506,0,52,1,2750,35.1043,1856.47742,0,0.6826078349727298,0.01891,SES,2021-07-20,146497
47,2020-11-16,Brazil,SP,Botucatu,SP,3507506,0,52,1,2751,35.1043,1857.1525,0,0.6826078349727298,0.0189,SES,2021-07-20,146497
47,2020-11-17,Brazil,SP,Botucatu,SP,3507506,0,52,42,2793,35.1043,1885.50597,0,28.66952906885465,0.01862,SES,2021-07-20,146497
47,2020-11-18,Brazil,SP,Botucatu,SP,3507506,0,52,40,2833,35.1043,1912.50928,0,27.30431339890919,0.01836,SES,2021-07-20,146497
47,2020-11-19,Brazil,SP,Botucatu,SP,3507506,0,52,16,2849,35.1043,1923.31061,0,10.921725359563677,0.01825,SES,2021-07-20,146497
47,2020-11-21,Brazil,SP,Botucatu,SP,3507506,0,52,68,2917,35.1043,1969.21623,0,46.41733277814562,0.01783,SES,2021-07-20,146497
48,2020-11-22,Brazil,SP,Botucatu,SP,3507506,0,52,26,2943,35.1043,1986.76838,0,17.747803709290974,0.01767,SES,2021-07-20,146497
48,2020-11-23,Brazil,SP,Botucatu,SP,3507506,0,52,1,2944,35.1043,1987.44346,0,0.6826078349727298,0.01766,SES,2021-07-20,146497
48,2020-11-24,Brazil,SP,Botucatu,SP,3507506,0,52,40,2984,35.1043,2014.44677,0,27.30431339890919,0.01743,SES,2021-07-20,146497
48,2020-11-25,Brazil,SP,Botucatu,SP,3507506,0,52,25,3009,35.1043,2031.32384,0,17.065195874318245,0.01728,SES,2021-07-20,146497
48,2020-11-26,Brazil,SP,Botucatu,SP,3507506,0,52,15,3024,35.1043,2041.45008,0,10.239117524590947,0.0172,SES,2021-07-20,146497
48,2020-11-27,Brazil,SP,Botucatu,SP,3507506,0,52,2,3026,35.1043,2042.80024,0,1.3652156699454596,0.01718,SES,2021-07-20,146497
48,2020-11-28,Brazil,SP,Botucatu,SP,3507506,0,52,4,3030,35.1043,2045.50057,0,2.7304313398909192,0.01716,SES,2021-07-20,146497
49,2020-12-01,Brazil,SP,Botucatu,SP,3507506,1,53,63,3093,35.77938,2088.03078,0.6826078349727298,43.00429360328197,0.01714,SES,2021-07-20,146497
49,2020-12-02,Brazil,SP,Botucatu,SP,3507506,0,53,30,3123,35.77938,2108.28326,0,20.478235049181894,0.01697,SES,2021-07-20,146497
49,2020-12-03,Brazil,SP,Botucatu,SP,3507506,1,54,57,3180,36.45447,2146.76298,0.6826078349727298,38.908646593445596,0.01698,SES,2021-07-20,146497
49,2020-12-04,Brazil,SP,Botucatu,SP,3507506,0,54,35,3215,36.45447,2170.39087,0,23.891274224045542,0.0168,SES,2021-07-20,146497
49,2020-12-05,Brazil,SP,Botucatu,SP,3507506,0,54,61,3276,36.45447,2211.57092,0,41.639077933336516,0.01648,SES,2021-07-20,146497
50,2020-12-06,Brazil,SP,Botucatu,SP,3507506,1,55,4,3280,37.12955,2214.27125,0.6826078349727298,2.7304313398909192,0.01677,SES,2021-07-20,146497
50,2020-12-07,Brazil,SP,Botucatu,SP,3507506,0,55,30,3310,37.12955,2234.52373,0,20.478235049181894,0.01662,SES,2021-07-20,146497
50,2020-12-08,Brazil,SP,Botucatu,SP,3507506,0,55,-1,3309,37.12955,2233.84865,0,-0.6826078349727298,0.01662,SES,2021-07-20,146497
50,2020-12-09,Brazil,SP,Botucatu,SP,3507506,0,55,45,3354,37.12955,2264.22737,0,30.71735257377284,0.0164,SES,2021-07-20,146497
50,2020-12-10,Brazil,SP,Botucatu,SP,3507506,0,55,88,3442,37.12955,2323.63465,0,60.06948947760022,0.01598,SES,2021-07-20,146497
50,2020-12-11,Brazil,SP,Botucatu,SP,3507506,0,55,14,3456,37.12955,2333.0858,0,9.556509689618217,0.01591,SES,2021-07-20,146497
50,2020-12-12,Brazil,SP,Botucatu,SP,3507506,1,56,32,3488,37.80463,2354.68845,0.6826078349727298,21.843450719127354,0.01606,SES,2021-07-20,146497
51,2020-12-14,Brazil,SP,Botucatu,SP,3507506,0,56,1,3489,37.80463,2355.36353,0,0.6826078349727298,0.01605,SES,2021-07-20,146497
51,2020-12-15,Brazil,SP,Botucatu,SP,3507506,0,56,6,3495,37.80463,2359.41403,0,4.095647009836378,0.01602,SES,2021-07-20,146497
51,2020-12-17,Brazil,SP,Botucatu,SP,3507506,0,56,107,3602,37.80463,2431.64788,0,73.03903834208208,0.01555,SES,2021-07-20,146497
51,2020-12-18,Brazil,SP,Botucatu,SP,3507506,0,56,25,3627,37.80463,2448.52494,0,17.065195874318245,0.01544,SES,2021-07-20,146497
51,2020-12-19,Brazil,SP,Botucatu,SP,3507506,0,56,78,3705,37.80463,2501.18139,0,53.243411127872925,0.01511,SES,2021-07-20,146497
52,2020-12-22,Brazil,SP,Botucatu,SP,3507506,0,56,62,3767,37.80463,2543.03652,0,42.321685768309244,0.01487,SES,2021-07-20,146497
52,2020-12-23,Brazil,SP,Botucatu,SP,3507506,1,57,29,3796,38.47971,2562.61392,0.6826078349727298,19.795627214209162,0.01502,SES,2021-07-20,146497
52,2020-12-24,Brazil,SP,Botucatu,SP,3507506,0,57,50,3846,38.47971,2596.36806,0,34.13039174863649,0.01482,SES,2021-07-20,146497
52,2020-12-25,Brazil,SP,Botucatu,SP,3507506,0,57,20,3866,38.47971,2609.86971,0,13.652156699454595,0.01474,SES,2021-07-20,146497
52,2020-12-26,Brazil,SP,Botucatu,SP,3507506,0,57,3,3869,38.47971,2611.89496,0,2.047823504918189,0.01473,SES,2021-07-20,146497
53,2020-12-27,Brazil,SP,Botucatu,SP,3507506,0,57,1,3870,38.47971,2612.57004,0,0.6826078349727298,0.01473,SES,2021-07-20,146497
53,2020-12-28,Brazil,SP,Botucatu,SP,3507506,0,57,1,3871,38.47971,2613.24512,0,0.6826078349727298,0.01472,SES,2021-07-20,146497
53,2020-12-29,Brazil,SP,Botucatu,SP,3507506,1,58,64,3935,39.1548,2656.45042,0.6826078349727298,43.68690143825471,0.01474,SES,2021-07-20,146497
53,2020-12-31,Brazil,SP,Botucatu,SP,3507506,0,58,116,4051,39.1548,2734.76001,0,79.18250885683665,0.01432,SES,2021-07-20,146497
53,2021-01-02,Brazil,SP,Botucatu,SP,3507506,0,58,10,4061,39.1548,2741.51084,0,6.826078349727298,0.01428,SES,2021-07-20,146497
101,2021-01-04,Brazil,SP,Botucatu,SP,3507506,0,58,1,4062,39.1548,2742.18592,0,0.6826078349727298,0.01428,SES,2021-07-20,146497
101,2021-01-05,Brazil,SP,Botucatu,SP,3507506,0,58,104,4166,39.1548,2812.39452,0,70.9912148371639,0.01392,SES,2021-07-20,146497
101,2021-01-06,Brazil,SP,Botucatu,SP,3507506,1,59,86,4252,39.82988,2870.45163,0.6826078349727298,58.70427380765476,0.01388,SES,2021-07-20,146497
101,2021-01-07,Brazil,SP,Botucatu,SP,3507506,1,60,126,4378,40.50496,2955.51205,0.6826078349727298,86.00858720656394,0.0137,SES,2021-07-20,146497
101,2021-01-08,Brazil,SP,Botucatu,SP,3507506,1,61,62,4440,41.18004,2997.36718,0.6826078349727298,42.321685768309244,0.01374,SES,2021-07-20,146497
101,2021-01-09,Brazil,SP,Botucatu,SP,3507506,0,61,60,4500,41.18004,3037.87214,0,40.95647009836379,0.01356,SES,2021-07-20,146497
102,2021-01-10,Brazil,SP,Botucatu,SP,3507506,0,61,2,4502,41.18004,3039.2223,0,1.3652156699454596,0.01355,SES,2021-07-20,146497
102,2021-01-11,Brazil,SP,Botucatu,SP,3507506,2,63,50,4552,42.53021,3072.97644,1.3652156699454596,34.13039174863649,0.01384,SES,2021-07-20,146497
102,2021-01-12,Brazil,SP,Botucatu,SP,3507506,1,64,22,4574,43.20529,3087.8282599999998,0.6826078349727298,15.017372369400055,0.01399,SES,2021-07-20,146497
102,2021-01-13,Brazil,SP,Botucatu,SP,3507506,2,66,124,4698,44.55546,3171.53851,1.3652156699454596,84.64337153661849,0.01405,SES,2021-07-20,146497
102,2021-01-14,Brazil,SP,Botucatu,SP,3507506,1,67,142,4840,45.23054,3267.40026,0.6826078349727298,96.93031256612763,0.01384,SES,2021-07-20,146497
102,2021-01-15,Brazil,SP,Botucatu,SP,3507506,0,67,125,4965,45.23054,3351.78559,0,85.32597937159122,0.01349,SES,2021-07-20,146497
102,2021-01-16,Brazil,SP,Botucatu,SP,3507506,1,68,59,5024,45.90562,3391.61547,0.6826078349727298,40.27386226339106,0.01354,SES,2021-07-20,146497
103,2021-01-17,Brazil,SP,Botucatu,SP,3507506,0,68,88,5112,45.90562,3451.02275,0,60.06948947760022,0.0133,SES,2021-07-20,146497
103,2021-01-18,Brazil,SP,Botucatu,SP,3507506,0,68,6,5118,45.90562,3455.07325,0,4.095647009836378,0.01329,SES,2021-07-20,146497
103,2021-01-19,Brazil,SP,Botucatu,SP,3507506,0,68,-1,5117,45.90562,3454.39816,0,-0.6826078349727298,0.01329,SES,2021-07-20,146497
103,2021-01-20,Brazil,SP,Botucatu,SP,3507506,0,68,84,5201,45.90562,3511.10511,0,57.3390581377093,0.01307,SES,2021-07-20,146497
103,2021-01-21,Brazil,SP,Botucatu,SP,3507506,1,69,48,5249,46.58071,3543.50908,0.6826078349727298,32.76517607869103,0.01315,SES,2021-07-20,146497
103,2021-01-22,Brazil,SP,Botucatu,SP,3507506,1,70,42,5291,47.25579,3571.86255,0.6826078349727298,28.66952906885465,0.01323,SES,2021-07-20,146497
103,2021-01-23,Brazil,SP,Botucatu,SP,3507506,0,70,32,5323,47.25579,3593.4652,0,21.843450719127354,0.01315,SES,2021-07-20,146497
104,2021-01-24,Brazil,SP,Botucatu,SP,3507506,0,70,93,5416,47.25579,3656.24789,0,63.48252865246387,0.01292,SES,2021-07-20,146497
104,2021-01-26,Brazil,SP,Botucatu,SP,3507506,1,71,138,5554,47.93087,3749.4093,0.6826078349727298,94.19988122623671,0.01278,SES,2021-07-20,146497
104,2021-01-27,Brazil,SP,Botucatu,SP,3507506,1,72,99,5653,48.60595,3816.24249,0.6826078349727298,67.57817566230025,0.01274,SES,2021-07-20,146497
104,2021-01-28,Brazil,SP,Botucatu,SP,3507506,1,73,64,5717,49.28104,3859.44778,0.6826078349727298,43.68690143825471,0.01277,SES,2021-07-20,146497
104,2021-01-29,Brazil,SP,Botucatu,SP,3507506,2,75,15,5732,50.6312,3869.57402,1.3652156699454596,10.239117524590947,0.01308,SES,2021-07-20,146497
104,2021-01-30,Brazil,SP,Botucatu,SP,3507506,0,75,160,5892,50.6312,3977.58725,0,109.21725359563676,0.01273,SES,2021-07-20,146497
105,2021-01-31,Brazil,SP,Botucatu,SP,3507506,0,75,153,6045,50.6312,4080.87491,0,104.43899875082765,0.01241,SES,2021-07-20,146497
105,2021-02-01,Brazil,SP,Botucatu,SP,3507506,0,75,1,6046,50.6312,4081.54999,0,0.6826078349727298,0.0124,SES,2021-07-20,146497
105,2021-02-02,Brazil,SP,Botucatu,SP,3507506,4,79,184,6230,53.33153,4205.76521,2.7304313398909192,125.59984163498228,0.01268,SES,2021-07-20,146497
105,2021-02-03,Brazil,SP,Botucatu,SP,3507506,0,79,130,6360,53.33153,4293.52596,0,88.73901854645487,0.01242,SES,2021-07-20,146497
105,2021-02-04,Brazil,SP,Botucatu,SP,3507506,2,81,142,6502,54.6817,4389.3877,1.3652156699454596,96.93031256612763,0.01246,SES,2021-07-20,146497
105,2021-02-05,Brazil,SP,Botucatu,SP,3507506,1,82,44,6546,55.35678,4419.09134,0.6826078349727298,30.03474473880011,0.01253,SES,2021-07-20,146497
105,2021-02-06,Brazil,SP,Botucatu,SP,3507506,2,84,78,6624,56.70695,4471.74779,1.3652156699454596,53.243411127872925,0.01268,SES,2021-07-20,146497
106,2021-02-07,Brazil,SP,Botucatu,SP,3507506,0,84,22,6646,56.70695,4486.59961,0,15.017372369400055,0.01264,SES,2021-07-20,146497
106,2021-02-09,Brazil,SP,Botucatu,SP,3507506,4,88,66,6712,59.40728,4531.15507,2.7304313398909192,45.052117108200164,0.01311,SES,2021-07-20,146497
106,2021-02-10,Brazil,SP,Botucatu,SP,3507506,0,88,40,6752,59.40728,4558.15837,0,27.30431339890919,0.01303,SES,2021-07-20,146497
106,2021-02-11,Brazil,SP,Botucatu,SP,3507506,0,88,45,6797,59.40728,4588.5371,0,30.71735257377284,0.01295,SES,2021-07-20,146497
106,2021-02-12,Brazil,SP,Botucatu,SP,3507506,3,91,138,6935,61.43253,4681.69851,2.047823504918189,94.19988122623671,0.01312,SES,2021-07-20,146497
106,2021-02-13,Brazil,SP,Botucatu,SP,3507506,0,91,13,6948,61.43253,4690.47458,0,8.873901854645487,0.0131,SES,2021-07-20,146497
107,2021-02-15,Brazil,SP,Botucatu,SP,3507506,0,91,3,6951,61.43253,4692.49983,0,2.047823504918189,0.01309,SES,2021-07-20,146497
107,2021-02-16,Brazil,SP,Botucatu,SP,3507506,2,93,140,7091,62.78269,4787.01141,1.3652156699454596,95.56509689618217,0.01312,SES,2021-07-20,146497
107,2021-02-17,Brazil,SP,Botucatu,SP,3507506,0,93,10,7101,62.78269,4793.76224,0,6.826078349727298,0.0131,SES,2021-07-20,146497
107,2021-02-18,Brazil,SP,Botucatu,SP,3507506,2,95,78,7179,64.13286,4846.41869,1.3652156699454596,53.243411127872925,0.01323,SES,2021-07-20,146497
107,2021-02-19,Brazil,SP,Botucatu,SP,3507506,1,96,118,7297,64.80794,4926.07844,0.6826078349727298,80.54772452678212,0.01316,SES,2021-07-20,146497
107,2021-02-20,Brazil,SP,Botucatu,SP,3507506,0,96,67,7364,64.80794,4971.30899,0,45.73472494317289,0.01304,SES,2021-07-20,146497
108,2021-02-21,Brazil,SP,Botucatu,SP,3507506,0,96,3,7367,64.80794,4973.33423,0,2.047823504918189,0.01303,SES,2021-07-20,146497
108,2021-02-22,Brazil,SP,Botucatu,SP,3507506,0,96,9,7376,64.80794,4979.40998,0,6.143470514754568,0.01302,SES,2021-07-20,146497
108,2021-02-23,Brazil,SP,Botucatu,SP,3507506,3,99,154,7530,66.83319,5083.37271,2.047823504918189,105.12160658580038,0.01315,SES,2021-07-20,146497
108,2021-02-24,Brazil,SP,Botucatu,SP,3507506,1,100,34,7564,67.50827,5106.32552,0.6826078349727298,23.20866638907281,0.01322,SES,2021-07-20,146497
108,2021-02-25,Brazil,SP,Botucatu,SP,3507506,0,100,113,7677,67.50827,5182.60987,0,77.13468535191846,0.01303,SES,2021-07-20,146497
108,2021-02-26,Brazil,SP,Botucatu,SP,3507506,0,100,65,7742,67.50827,5226.49025,0,44.369509273227436,0.01292,SES,2021-07-20,146497
108,2021-02-27,Brazil,SP,Botucatu,SP,3507506,4,104,56,7798,70.2086,5264.29488,2.7304313398909192,38.22603875847287,0.01334,SES,2021-07-20,146497
109,2021-02-28,Brazil,SP,Botucatu,SP,3507506,0,104,50,7848,70.2086,5298.04901,0,34.13039174863649,0.01325,SES,2021-07-20,146497
109,2021-03-01,Brazil,SP,Botucatu,SP,3507506,0,104,6,7854,70.2086,5302.09951,0,4.095647009836378,0.01324,SES,2021-07-20,146497
109,2021-03-02,Brazil,SP,Botucatu,SP,3507506,2,106,60,7914,71.55877,5342.60447,1.3652156699454596,40.95647009836379,0.01339,SES,2021-07-20,146497
109,2021-03-03,Brazil,SP,Botucatu,SP,3507506,0,106,6,7920,71.55877,5346.65497,0,4.095647009836378,0.01338,SES,2021-07-20,146497
109,2021-03-04,Brazil,SP,Botucatu,SP,3507506,0,106,81,8001,71.55877,5401.33666,0,55.29123463279111,0.01325,SES,2021-07-20,146497
109,2021-03-05,Brazil,SP,Botucatu,SP,3507506,2,108,82,8083,72.90893,5456.69344,1.3652156699454596,55.97384246776384,0.01336,SES,2021-07-20,146497
109,2021-03-06,Brazil,SP,Botucatu,SP,3507506,0,108,102,8185,72.90893,5525.55188,0,69.62599916721844,0.01319,SES,2021-07-20,146497
110,2021-03-07,Brazil,SP,Botucatu,SP,3507506,0,108,75,8260,72.90893,5576.18308,0,51.19558762295473,0.01308,SES,2021-07-20,146497
110,2021-03-08,Brazil,SP,Botucatu,SP,3507506,0,108,11,8271,72.90893,5583.60899,0,7.508686184700028,0.01306,SES,2021-07-20,146497
110,2021-03-09,Brazil,SP,Botucatu,SP,3507506,0,108,46,8317,72.90893,5614.6628,0,31.39996040874557,0.01299,SES,2021-07-20,146497
110,2021-03-10,Brazil,SP,Botucatu,SP,3507506,3,111,68,8385,74.93418,5660.56842,2.047823504918189,46.41733277814562,0.01324,SES,2021-07-20,146497
110,2021-03-11,Brazil,SP,Botucatu,SP,3507506,2,113,100,8485,76.28434,5728.07669,1.3652156699454596,68.26078349727298,0.01332,SES,2021-07-20,146497
110,2021-03-12,Brazil,SP,Botucatu,SP,3507506,1,114,18,8503,76.95943,5740.22818,0.6826078349727298,12.286941029509135,0.01341,SES,2021-07-20,146497
110,2021-03-13,Brazil,SP,Botucatu,SP,3507506,1,115,115,8618,77.63451,5817.86269,0.6826078349727298,78.49990102186392,0.01334,SES,2021-07-20,146497
111,2021-03-14,Brazil,SP,Botucatu,SP,3507506,0,115,129,8747,77.63451,5904.94836,0,88.05641071148214,0.01315,SES,2021-07-20,146497
111,2021-03-15,Brazil,SP,Botucatu,SP,3507506,3,118,13,8760,79.65976,5913.72443,2.047823504918189,8.873901854645487,0.01347,SES,2021-07-20,146497
111,2021-03-16,Brazil,SP,Botucatu,SP,3507506,0,118,12,8772,79.65976,5921.82542,0,8.191294019672757,0.01345,SES,2021-07-20,146497
111,2021-03-17,Brazil,SP,Botucatu,SP,3507506,3,121,165,8937,81.68501,6033.21407,2.047823504918189,112.63029277050042,0.01354,SES,2021-07-20,146497
111,2021-03-18,Brazil,SP,Botucatu,SP,3507506,3,124,160,9097,83.71025,6141.2273,2.047823504918189,109.21725359563676,0.01363,SES,2021-07-20,146497
111,2021-03-19,Brazil,SP,Botucatu,SP,3507506,1,125,69,9166,84.38534,6187.80801,0.6826078349727298,47.099940613118356,0.01364,SES,2021-07-20,146497
111,2021-03-20,Brazil,SP,Botucatu,SP,3507506,2,127,83,9249,85.7355,6243.83987,1.3652156699454596,56.65645030273657,0.01373,SES,2021-07-20,146497
112,2021-03-21,Brazil,SP,Botucatu,SP,3507506,-1,126,5,9254,85.06042,6247.21528,-0.6826078349727298,3.413039174863649,0.01362,SES,2021-07-20,146497
112,2021-03-22,Brazil,SP,Botucatu,SP,3507506,0,126,4,9258,85.06042,6249.91561,0,2.7304313398909192,0.01361,SES,2021-07-20,146497
112,2021-03-23,Brazil,SP,Botucatu,SP,3507506,6,132,84,9342,89.11092,6306.62256,4.095647009836378,57.3390581377093,0.01413,SES,2021-07-20,146497
112,2021-03-24,Brazil,SP,Botucatu,SP,3507506,1,133,89,9431,89.786,6366.70492,0.6826078349727298,60.75209731257295,0.0141,SES,2021-07-20,146497
112,2021-03-25,Brazil,SP,Botucatu,SP,3507506,0,133,9,9440,89.786,6372.78067,0,6.143470514754568,0.01409,SES,2021-07-20,146497
112,2021-03-26,Brazil,SP,Botucatu,SP,3507506,10,143,190,9630,96.53683,6501.04638,6.826078349727298,129.69548864481865,0.01485,SES,2021-07-20,146497
112,2021-03-27,Brazil,SP,Botucatu,SP,3507506,3,146,139,9769,98.56207,6594.88287,2.047823504918189,94.88248906120944,0.01495,SES,2021-07-20,146497
113,2021-03-28,Brazil,SP,Botucatu,SP,3507506,0,146,4,9773,98.56207,6597.5832,0,2.7304313398909192,0.01494,SES,2021-07-20,146497
113,2021-03-29,Brazil,SP,Botucatu,SP,3507506,1,147,3,9776,99.23716,6599.60845,0.6826078349727298,2.047823504918189,0.01504,SES,2021-07-20,146497
113,2021-03-30,Brazil,SP,Botucatu,SP,3507506,2,149,51,9827,100.58732,6634.03767,1.3652156699454596,34.81299958360922,0.01516,SES,2021-07-20,146497
113,2021-03-31,Brazil,SP,Botucatu,SP,3507506,7,156,103,9930,105.3129,6703.57119,4.7782548448091084,70.30860700219117,0.01571,SES,2021-07-20,146497
113,2021-04-01,Brazil,SP,Botucatu,SP,3507506,1,157,151,10081,105.98798,6805.50867,0.6826078349727298,103.0737830808822,0.01557,SES,2021-07-20,146497
113,2021-04-02,Brazil,SP,Botucatu,SP,3507506,2,159,76,10157,107.33815,6856.81496,1.3652156699454596,51.87819545792746,0.01565,SES,2021-07-20,146497
113,2021-04-03,Brazil,SP,Botucatu,SP,3507506,0,159,11,10168,107.33815,6864.24087,0,7.508686184700028,0.01564,SES,2021-07-20,146497
114,2021-04-04,Brazil,SP,Botucatu,SP,3507506,0,159,3,10171,107.33815,6866.26612,0,2.047823504918189,0.01563,SES,2021-07-20,146497
114,2021-04-05,Brazil,SP,Botucatu,SP,3507506,0,159,10,10181,107.33815,6873.01694,0,6.826078349727298,0.01562,SES,2021-07-20,146497
114,2021-04-06,Brazil,SP,Botucatu,SP,3507506,3,162,113,10294,109.3634,6949.30129,2.047823504918189,77.13468535191846,0.01574,SES,2021-07-20,146497
114,2021-04-07,Brazil,SP,Botucatu,SP,3507506,1,163,75,10369,110.03848,6999.93249,0.6826078349727298,51.19558762295473,0.01572,SES,2021-07-20,146497
114,2021-04-08,Brazil,SP,Botucatu,SP,3507506,2,165,137,10506,111.38865,7092.41882,1.3652156699454596,93.51727339126398,0.01571,SES,2021-07-20,146497
114,2021-04-09,Brazil,SP,Botucatu,SP,3507506,1,166,27,10533,112.06373,7110.64605,0.6826078349727298,18.430411544263702,0.01576,SES,2021-07-20,146497
114,2021-04-10,Brazil,SP,Botucatu,SP,3507506,3,169,43,10576,114.08898,7139.67461,2.047823504918189,29.35213690382738,0.01598,SES,2021-07-20,146497
115,2021-04-11,Brazil,SP,Botucatu,SP,3507506,2,171,53,10629,115.43914,7175.45399,1.3652156699454596,36.178215253554676,0.01609,SES,2021-07-20,146497
115,2021-04-12,Brazil,SP,Botucatu,SP,3507506,3,174,4,10633,117.46439,7178.15432,2.047823504918189,2.7304313398909192,0.01636,SES,2021-07-20,146497
115,2021-04-13,Brazil,SP,Botucatu,SP,3507506,1,175,13,10646,118.13947,7186.9304,0.6826078349727298,8.873901854645487,0.01644,SES,2021-07-20,146497
115,2021-04-14,Brazil,SP,Botucatu,SP,3507506,2,177,14,10660,119.48964,7196.38156,1.3652156699454596,9.556509689618217,0.0166,SES,2021-07-20,146497
115,2021-04-15,Brazil,SP,Botucatu,SP,3507506,0,177,9,10669,119.48964,7202.4573,0,6.143470514754568,0.01659,SES,2021-07-20,146497
115,2021-04-16,Brazil,SP,Botucatu,SP,3507506,3,180,9,10678,121.51489,7208.53305,2.047823504918189,6.143470514754568,0.01686,SES,2021-07-20,146497
115,2021-04-17,Brazil,SP,Botucatu,SP,3507506,3,183,11,10689,123.54013,7215.95895,2.047823504918189,7.508686184700028,0.01712,SES,2021-07-20,146497
116,2021-04-18,Brazil,SP,Botucatu,SP,3507506,0,183,8,10697,123.54013,7221.35962,0,5.4608626797818385,0.01711,SES,2021-07-20,146497
116,2021-04-19,Brazil,SP,Botucatu,SP,3507506,0,183,2,10699,123.54013,7222.70978,0,1.3652156699454596,0.0171,SES,2021-07-20,146497
116,2021-04-20,Brazil,SP,Botucatu,SP,3507506,6,189,16,10715,127.59063,7233.51111,4.095647009836378,10.921725359563677,0.01764,SES,2021-07-20,146497
116,2021-04-21,Brazil,SP,Botucatu,SP,3507506,2,191,23,10738,128.9408,7249.03801,1.3652156699454596,15.699980204372785,0.01779,SES,2021-07-20,146497
116,2021-04-22,Brazil,SP,Botucatu,SP,3507506,1,192,16,10754,129.61588,7259.83933,0.6826078349727298,10.921725359563677,0.01785,SES,2021-07-20,146497
116,2021-04-23,Brazil,SP,Botucatu,SP,3507506,1,193,24,10778,130.29096,7276.04132,0.6826078349727298,16.382588039345514,0.01791,SES,2021-07-20,146497
117,2021-04-25,Brazil,SP,Botucatu,SP,3507506,1,194,25,10803,130.96604,7292.91838,0.6826078349727298,17.065195874318245,0.01796,SES,2021-07-20,146497
117,2021-04-26,Brazil,SP,Botucatu,SP,3507506,0,194,5,10808,130.96604,7296.2938,0,3.413039174863649,0.01795,SES,2021-07-20,146497
117,2021-04-27,Brazil,SP,Botucatu,SP,3507506,3,197,37,10845,132.99129,7321.27186,2.047823504918189,25.256489893991002,0.01817,SES,2021-07-20,146497
117,2021-04-28,Brazil,SP,Botucatu,SP,3507506,2,199,34,10879,134.34146,7344.22467,1.3652156699454596,23.20866638907281,0.01829,SES,2021-07-20,146497
117,2021-04-29,Brazil,SP,Botucatu,SP,3507506,5,204,25,10904,137.71687,7361.10173,3.413039174863649,17.065195874318245,0.01871,SES,2021-07-20,146497
117,2021-04-30,Brazil,SP,Botucatu,SP,3507506,0,204,35,10939,137.71687,7384.72963,0,23.891274224045542,0.01865,SES,2021-07-20,146497
118,2021-05-02,Brazil,SP,Botucatu,SP,3507506,1,205,21,10960,138.39195,7398.90637,0.6826078349727298,14.334764534427325,0.0187,SES,2021-07-20,146497
118,2021-05-03,Brazil,SP,Botucatu,SP,3507506,0,205,8,10968,138.39195,7404.30703,0,5.4608626797818385,0.01869,SES,2021-07-20,146497
118,2021-05-04,Brazil,SP,Botucatu,SP,3507506,2,207,67,11035,139.74212,7449.53757,1.3652156699454596,45.73472494317289,0.01876,SES,2021-07-20,146497
118,2021-05-05,Brazil,SP,Botucatu,SP,3507506,1,208,36,11071,140.4172,7473.84055,0.6826078349727298,24.57388205901827,0.01879,SES,2021-07-20,146497
118,2021-05-06,Brazil,SP,Botucatu,SP,3507506,2,210,54,11125,141.76737,7510.29501,1.3652156699454596,36.860823088527404,0.01888,SES,2021-07-20,146497
118,2021-05-07,Brazil,SP,Botucatu,SP,3507506,0,210,38,11163,141.76737,7535.94815,0,25.93909772896373,0.01881,SES,2021-07-20,146497
118,2021-05-08,Brazil,SP,Botucatu,SP,3507506,1,211,41,11204,142.44245,7563.62654,0.6826078349727298,27.98692123388192,0.01883,SES,2021-07-20,146497
119,2021-05-09,Brazil,SP,Botucatu,SP,3507506,0,211,10,11214,142.44245,7570.37737,0,6.826078349727298,0.01882,SES,2021-07-20,146497
119,2021-05-10,Brazil,SP,Botucatu,SP,3507506,0,211,23,11237,142.44245,7585.90427,0,15.699980204372785,0.01878,SES,2021-07-20,146497
119,2021-05-11,Brazil,SP,Botucatu,SP,3507506,0,211,69,11306,142.44245,7632.48498,0,47.099940613118356,0.01866,SES,2021-07-20,146497
119,2021-05-12,Brazil,SP,Botucatu,SP,3507506,0,211,27,11333,142.44245,7650.71221,0,18.430411544263702,0.01862,SES,2021-07-20,146497
119,2021-05-13,Brazil,SP,Botucatu,SP,3507506,0,211,86,11419,142.44245,7708.76932,0,58.70427380765476,0.01848,SES,2021-07-20,146497
119,2021-05-14,Brazil,SP,Botucatu,SP,3507506,0,211,73,11492,142.44245,7758.05036,0,49.830371953009276,0.01836,SES,2021-07-20,146497
119,2021-05-15,Brazil,SP,Botucatu,SP,3507506,0,211,41,11533,142.44245,7785.72875,0,27.98692123388192,0.0183,SES,2021-07-20,146497
120,2021-05-17,Brazil,SP,Botucatu,SP,3507506,0,211,37,11570,142.44245,7810.70681,0,25.256489893991002,0.01824,SES,2021-07-20,146497
120,2021-05-18,Brazil,SP,Botucatu,SP,3507506,2,213,42,11612,143.79261,7839.06028,1.3652156699454596,28.66952906885465,0.01834,SES,2021-07-20,146497
120,2021-05-19,Brazil,SP,Botucatu,SP,3507506,2,215,51,11663,145.14278,7873.4895,1.3652156699454596,34.81299958360922,0.01843,SES,2021-07-20,146497
120,2021-05-20,Brazil,SP,Botucatu,SP,3507506,2,217,53,11716,146.49295,7909.26889,1.3652156699454596,36.178215253554676,0.01852,SES,2021-07-20,146497
120,2021-05-21,Brazil,SP,Botucatu,SP,3507506,1,218,38,11754,147.16803,7934.92203,0.6826078349727298,25.93909772896373,0.01855,SES,2021-07-20,146497
120,2021-05-22,Brazil,SP,Botucatu,SP,3507506,1,219,45,11799,147.84311,7965.30075,0.6826078349727298,30.71735257377284,0.01856,SES,2021-07-20,146497
121,2021-05-23,Brazil,SP,Botucatu,SP,3507506,0,219,10,11809,147.84311,7972.05158,0,6.826078349727298,0.01855,SES,2021-07-20,146497
121,2021-05-24,Brazil,SP,Botucatu,SP,3507506,1,220,7,11816,148.51819,7976.77716,0.6826078349727298,4.7782548448091084,0.01862,SES,2021-07-20,146497
121,2021-05-25,Brazil,SP,Botucatu,SP,3507506,1,221,82,11898,149.19328,8032.13394,0.6826078349727298,55.97384246776384,0.01857,SES,2021-07-20,146497
121,2021-05-26,Brazil,SP,Botucatu,SP,3507506,3,224,48,11946,151.21852,8064.53791,2.047823504918189,32.76517607869103,0.01875,SES,2021-07-20,146497
121,2021-05-27,Brazil,SP,Botucatu,SP,3507506,2,226,63,12009,152.56869,8107.06812,1.3652156699454596,43.00429360328197,0.01882,SES,2021-07-20,146497
121,2021-05-28,Brazil,SP,Botucatu,SP,3507506,-2,224,-1,12008,151.21852,8106.39303,-1.3652156699454596,-0.6826078349727298,0.01865,SES,2021-07-20,146497
121,2021-05-29,Brazil,SP,Botucatu,SP,3507506,5,229,41,12049,154.59394,8134.07142,3.413039174863649,27.98692123388192,0.01901,SES,2021-07-20,146497
122,2021-05-30,Brazil,SP,Botucatu,SP,3507506,0,229,20,12069,154.59394,8147.57308,0,13.652156699454595,0.01897,SES,2021-07-20,146497
122,2021-05-31,Brazil,SP,Botucatu,SP,3507506,0,229,17,12086,154.59394,8159.04948,0,11.604333194536405,0.01895,SES,2021-07-20,146497
122,2021-06-02,Brazil,SP,Botucatu,SP,3507506,4,233,139,12225,157.29427,8252.88598,2.7304313398909192,94.88248906120944,0.01906,SES,2021-07-20,146497
122,2021-06-03,Brazil,SP,Botucatu,SP,3507506,2,235,68,12293,158.64443,8298.7916,1.3652156699454596,46.41733277814562,0.01912,SES,2021-07-20,146497
122,2021-06-04,Brazil,SP,Botucatu,SP,3507506,0,235,4,12297,158.64443,8301.49193,0,2.7304313398909192,0.01911,SES,2021-07-20,146497
122,2021-06-05,Brazil,SP,Botucatu,SP,3507506,2,237,22,12319,159.9946,8316.34375,1.3652156699454596,15.017372369400055,0.01924,SES,2021-07-20,146497
123,2021-06-06,Brazil,SP,Botucatu,SP,3507506,0,237,8,12327,159.9946,8321.74441,0,5.4608626797818385,0.01923,SES,2021-07-20,146497
123,2021-06-07,Brazil,SP,Botucatu,SP,3507506,0,237,6,12333,159.9946,8325.79491,0,4.095647009836378,0.01922,SES,2021-07-20,146497
123,2021-06-08,Brazil,SP,Botucatu,SP,3507506,5,242,24,12357,163.37001,8341.99689,3.413039174863649,16.382588039345514,0.01958,SES,2021-07-20,146497
123,2021-06-09,Brazil,SP,Botucatu,SP,3507506,4,246,9,12366,166.07034,8348.07264,2.7304313398909192,6.143470514754568,0.01989,SES,2021-07-20,146497
123,2021-06-10,Brazil,SP,Botucatu,SP,3507506,3,249,59,12425,168.09559,8387.90252,2.047823504918189,40.27386226339106,0.02004,SES,2021-07-20,146497
123,2021-06-11,Brazil,SP,Botucatu,SP,3507506,1,250,129,12554,168.77067,8474.98819,0.6826078349727298,88.05641071148214,0.01991,SES,2021-07-20,146497
123,2021-06-12,Brazil,SP,Botucatu,SP,3507506,2,252,101,12655,170.12084,8543.17154,1.3652156699454596,68.94339133224571,0.01991,SES,2021-07-20,146497
124,2021-06-13,Brazil,SP,Botucatu,SP,3507506,0,252,10,12665,170.12084,8549.92237,0,6.826078349727298,0.0199,SES,2021-07-20,146497
124,2021-06-15,Brazil,SP,Botucatu,SP,3507506,2,254,102,12767,171.47101,8618.7808,1.3652156699454596,69.62599916721844,0.0199,SES,2021-07-20,146497
124,2021-06-16,Brazil,SP,Botucatu,SP,3507506,0,254,174,12941,171.47101,8736.24519,0,118.77376328525499,0.01963,SES,2021-07-20,146497
124,2021-06-18,Brazil,SP,Botucatu,SP,3507506,5,259,180,13121,174.84642,8857.76008,3.413039174863649,122.86941029509136,0.01974,SES,2021-07-20,146497
124,2021-06-19,Brazil,SP,Botucatu,SP,3507506,1,260,74,13195,175.5215,8907.7162,0.6826078349727298,50.512979787982005,0.0197,SES,2021-07-20,146497
125,2021-06-20,Brazil,SP,Botucatu,SP,3507506,0,260,12,13207,175.5215,8915.81719,0,8.191294019672757,0.01969,SES,2021-07-20,146497
125,2021-06-21,Brazil,SP,Botucatu,SP,3507506,0,260,9,13216,175.5215,8921.89293,0,6.143470514754568,0.01967,SES,2021-07-20,146497
125,2021-06-22,Brazil,SP,Botucatu,SP,3507506,2,262,114,13330,176.87167,8998.85236,1.3652156699454596,77.81729318689119,0.01965,SES,2021-07-20,146497
125,2021-06-23,Brazil,SP,Botucatu,SP,3507506,2,264,77,13407,178.22183,9050.83373,1.3652156699454596,52.56080329290019,0.01969,SES,2021-07-20,146497
125,2021-06-24,Brazil,SP,Botucatu,SP,3507506,1,265,26,13433,178.89691,9068.38588,0.6826078349727298,17.747803709290974,0.01973,SES,2021-07-20,146497
125,2021-06-25,Brazil,SP,Botucatu,SP,3507506,0,265,349,13782,178.89691,9303.98974,0,238.2301344054827,0.01923,SES,2021-07-20,146497
125,2021-06-26,Brazil,SP,Botucatu,SP,3507506,3,268,520,14302,180.92216,9655.03274,2.047823504918189,354.9560741858195,0.01874,SES,2021-07-20,146497
126,2021-06-27,Brazil,SP,Botucatu,SP,3507506,0,268,8,14310,180.92216,9660.4334,0,5.4608626797818385,0.01873,SES,2021-07-20,146497
126,2021-06-28,Brazil,SP,Botucatu,SP,3507506,0,268,140,14450,180.92216,9754.94498,0,95.56509689618217,0.01855,SES,2021-07-20,146497
126,2021-06-30,Brazil,SP,Botucatu,SP,3507506,3,271,704,15154,182.94741,10230.2032,2.047823504918189,480.5559158208018,0.01788,SES,2021-07-20,146497
126,2021-07-01,Brazil,SP,Botucatu,SP,3507506,0,271,529,15683,182.94741,10587.32195,0,361.09954470057403,0.01728,SES,2021-07-20,146497
126,2021-07-02,Brazil,SP,Botucatu,SP,3507506,1,272,807,16490,183.62249,11132.11368,0.6826078349727298,550.864522822993,0.01649,SES,2021-07-20,146497
126,2021-07-03,Brazil,SP,Botucatu,SP,3507506,2,274,227,16717,184.97266,11285.35746,1.3652156699454596,154.95197853880967,0.01639,SES,2021-07-20,146497
127,2021-07-04,Brazil,SP,Botucatu,SP,3507506,0,274,71,16788,184.97266,11333.28833,0,48.46515628306381,0.01632,SES,2021-07-20,146497
127,2021-07-05,Brazil,SP,Botucatu,SP,3507506,0,274,2,16790,184.97266,11334.63849,0,1.3652156699454596,0.01632,SES,2021-07-20,146497
127,2021-07-06,Brazil,SP,Botucatu,SP,3507506,0,274,56,16846,184.97266,11372.44312,0,38.22603875847287,0.01626,SES,2021-07-20,146497
127,2021-07-07,Brazil,SP,Botucatu,SP,3507506,2,276,212,17058,186.32282,11515.56066,1.3652156699454596,144.7128610142187,0.01618,SES,2021-07-20,146497
127,2021-07-08,Brazil,SP,Botucatu,SP,3507506,1,277,65,17123,186.99791,11559.44103,0.6826078349727298,44.369509273227436,0.01618,SES,2021-07-20,146497
127,2021-07-09,Brazil,SP,Botucatu,SP,3507506,3,280,25,17148,189.02316,11576.3181,2.047823504918189,17.065195874318245,0.01633,SES,2021-07-20,146497
127,2021-07-10,Brazil,SP,Botucatu,SP,3507506,0,280,11,17159,189.02316,11583.74401,0,7.508686184700028,0.01632,SES,2021-07-20,146497
128,2021-07-11,Brazil,SP,Botucatu,SP,3507506,0,280,-1,17158,189.02316,11583.06893,0,-0.6826078349727298,0.01632,SES,2021-07-20,146497
129,2021-07-18,Brazil,SP,Botucatu,SP,3507506,5,285,169,17327,192.39857,11697.1579,3.413039174863649,115.36072411039133,0.01645,SES,2021-07-20,146497
129,2021-07-20,Brazil,SP,Botucatu,SP,3507506,1,286,8,17335,193.07365,11702.55856,0.6826078349727298,5.4608626797818385,0.0165,SES,2021-07-20,146497
129,2021-07-21,Brazil,SP,Botucatu,SP,3507506,0,286,57,17392,193.07365,11741.03828,0,38.908646593445596,0.01644,MS,2021-07-22,146497
129,2021-07-22,Brazil,SP,Botucatu,SP,3507506,1,287,27,17419,193.74873,11759.26551,0.6826078349727298,18.430411544263702,0.01648,MS,2021-07-22,146497
