Data,Casos novos,Recuperados,Descartados,Óbitos,Casos ativos,Internados SARG,Internados UTI,Rt,Casos 7 ultimos dias,Internações 7 últimos,UTI 7 últimos,Óbitos 7 últimos
18 de jul. de 2021,0,0,0,2,430,63,40,0.89,40,71.57142857142857,38.857142857142854,6
17 de jul. de 2021,49,63,155,0,432,72,40,0.84,40,73.28571428571429,39.285714285714285,4
16 de jul. de 2021,41,53,267,0,446,70,36,0.8,40.57142857142857,73.71428571428571,39.714285714285715,5
15 de jul. de 2021,44,69,142,0,458,78,38,0.64,34.714285714285715,76.14285714285714,40.285714285714285,5
14 de jul. de 2021,51,68,208,0,483,74,37,0.62,35.857142857142854,77.42857142857143,40.57142857142857,7
13 de jul. de 2021,66,46,211,2,500,73,37,0.63,39,78.28571428571429,41.857142857142854,8
12 de jul. de 2021,29,112,136,2,482,71,44,0.52,33.857142857142854,80.28571428571429,43.285714285714285,6
11 de jul. de 2021,0,0,0,0,567,75,43,0.58,39.57142857142857,82,43.714285714285715,5
10 de jul. de 2021,53,57,215,1,567,75,43,0.55,39.57142857142857,84.28571428571429,44.42857142857143,5
9 de jul. de 2021,0,78,0,0,572,87,40,0.52,38.57142857142857,86.57142857142857,45.142857142857146,5
8 de jul. de 2021,52,88,160,2,650,87,40,0.64,49,87.85714285714286,46.57142857142857,8
7 de jul. de 2021,73,87,245,1,688,80,46,0.67,52.857142857142854,90.14285714285714,49.857142857142854,10
6 de jul. de 2021,30,92,90,0,703,87,47,0.75,60.714285714285715,94.28571428571429,53.142857142857146,9
5 de jul. de 2021,69,100,194,1,765,83,47,0.8,66.28571428571429,98.42857142857143,55.857142857142854,12
4 de jul. de 2021,0,81,0,0,797,91,48,0.76,64.71428571428571,102.71428571428571,58.285714285714285,16
3 de jul. de 2021,46,69,109,1,878,91,48,0.74,64.71428571428571,106.57142857142857,60.857142857142854,17
2 de jul. de 2021,73,89,194,3,902,96,50,0.88,78.28571428571429,112.14285714285714,63.42857142857143,16
1 de jul. de 2021,79,117,199,4,921,103,63,0.85,78.14285714285714,116.71428571428571,65.28571428571429,13
30 de jun. de 2021,128,78,209,0,963,109,69,0.78,74.28571428571429,119.71428571428571,64.85714285714286,11
29 de jun. de 2021,69,90,170,3,913,116,66,0.81,79,121.85714285714286,65.57142857142857,18
28 de jun. de 2021,58,97,137,5,937,113,64,0.79,80,125.28571428571429,67.14285714285714,17
27 de jun. de 2021,0,80,0,1,981,118,66,0.79,82,129.28571428571428,68.71428571428571,13
26 de jun. de 2021,141,88,252,0,1062,130,66,0.78,82,132.85714285714286,70,16
25 de jun. de 2021,72,91,155,0,1009,128,63,0.69,74.14285714285714,135.28571428571428,71.57142857142857,19
24 de jun. de 2021,52,86,123,2,1028,124,60,0.77,82.14285714285714,138.85714285714286,72.71428571428571,23
23 de jun. de 2021,161,72,195,7,1064,124,74,0.93,99.28571428571429,144.14285714285714,75,23
22 de jun. de 2021,76,69,260,2,982,140,77,0.86,90.57142857142857,149.57142857142858,76.71428571428571,19
21 de jun. de 2021,72,86,133,1,977,141,75,1,104.14285714285714,153.85714285714286,78,22
20 de jun. de 2021,0,87,0,4,992,143,75,1.07,108,157.85714285714286,80.85714285714286,22
19 de jun. de 2021,86,74,143,3,1083,147,77,1.1,108,160.85714285714286,81.14285714285714,21
18 de jun. de 2021,128,84,275,4,1074,153,71,1.17,110.14285714285714,164.14285714285714,82.57142857142857,20
17 de jun. de 2021,172,92,238,2,1034,161,76,1.26,112.28571428571429,164.71428571428572,83.85714285714286,17
16 de jun. de 2021,100,93,222,3,956,162,86,1.27,106.85714285714286,167.57142857142858,83.85714285714286,16
15 de jun. de 2021,171,81,248,5,952,170,86,1.48,116.85714285714286,167.57142857142858,81.71428571428571,18
14 de jun. de 2021,99,79,190,1,867,169,95,1.51,111.85714285714286,163.71428571428572,79.28571428571429,17
13 de jun. de 2021,0,74,0,3,848,164,77,1.57,109,158.71428571428572,75.42857142857143,17
12 de jun. de 2021,101,72,196,2,925,170,87,1.66,109,155.14285714285714,74.28571428571429,14
11 de jun. de 2021,143,87,152,1,898,157,80,1.76,111.14285714285714,150.71428571428572,71.71428571428571,13
10 de jun. de 2021,134,71,240,1,843,181,76,1.75,107.71428571428571,147.28571428571428,70.42857142857143,13
9 de jun. de 2021,170,58,221,5,781,162,71,1.46,88.57142857142857,141,69.28571428571429,13
8 de jun. de 2021,136,96,329,4,674,143,69,1.3,77.71428571428571,137.14285714285714,68.14285714285714,8
7 de jun. de 2021,79,69,209,1,638,134,68,1.17,68.71428571428571,135.14285714285714,67.14285714285714,6
6 de jun. de 2021,0,74,0,0,629,139,69,1.13,65.42857142857143,132.71428571428572,67,7
5 de jun. de 2021,116,63,242,1,703,139,69,1.15,65.42857142857143,130.28571428571428,66.28571428571429,7
4 de jun. de 2021,119,64,276,1,651,133,71,1.1,61.42857142857143,127.85714285714286,65.57142857142857,10
3 de jun. de 2021,0,45,0,1,597,137,68,1.06,58.285714285714285,127.71428571428571,65.42857142857143,11
2 de jun. de 2021,94,80,155,0,643,135,63,1.25,67.71428571428571,126.57142857142857,65.42857142857143,12
1 de jun. de 2021,73,38,176,2,629,129,62,1.14,61.57142857142857,123.57142857142857,66.14285714285714,14
31 de mai. de 2021,56,69,133,2,596,117,67,1.09,59.42857142857143,121.85714285714286,65.57142857142857,13
30 de mai. de 2021,0,58,0,0,611,122,64,1.14,63.42857142857143,121.71428571428571,64.42857142857143,15
29 de mai. de 2021,88,57,157,4,669,122,64,1.11,63.42857142857143,119.42857142857143,62.285714285714285,16
28 de mai. de 2021,97,30,234,2,642,132,70,0.91,53.714285714285715,117.71428571428571,60.714285714285715,14
27 de mai. de 2021,66,65,136,2,577,129,68,0.79,48,113.85714285714286,57.714285714285715,14
26 de mai. de 2021,51,55,233,2,578,114,68,0.73,45.857142857142854,111.14285714285714,54.57142857142857,15
25 de mai. de 2021,58,65,109,1,584,117,58,0.82,52.42857142857143,111.42857142857143,52.42857142857143,16
24 de mai. de 2021,84,36,252,4,592,116,59,0.83,54.285714285714285,111.42857142857143,52.714285714285715,18
23 de mai. de 2021,0,47,0,1,548,106,49,0.72,47.285714285714285,112.14285714285714,53.142857142857146,20
22 de mai. de 2021,20,56,40,2,596,110,53,0.72,47.285714285714285,113.57142857142857,54.714285714285715,19
21 de mai. de 2021,57,72,163,2,634,105,49,0.84,52.857142857142854,114.71428571428571,55.857142857142854,19
20 de mai. de 2021,51,79,154,3,651,110,46,1.01,63,116.28571428571429,57.42857142857143,17
19 de mai. de 2021,97,59,207,3,682,116,53,1.05,64.42857142857143,115.85714285714286,59.142857142857146,16
18 de mai. de 2021,71,83,168,3,647,117,60,1.09,65.85714285714286,115,60,14
17 de mai. de 2021,35,85,77,6,662,121,62,1.14,67.57142857142857,113.28571428571429,60.714285714285715,13
16 de mai. de 2021,0,0,0,0,718,116,60,1.17,69.28571428571429,112.42857142857143,60.42857142857143,14
15 de mai. de 2021,59,82,158,2,718,118,61,1.18,69.28571428571429,113.71428571428571,60.285714285714285,14
14 de mai. de 2021,128,82,201,0,743,116,60,1.14,67.14285714285714,114.71428571428571,60,15
13 de mai. de 2021,61,77,174,2,697,107,58,1,58.285714285714285,117.14285714285714,60.142857142857146,16
12 de mai. de 2021,107,74,168,1,715,110,59,1.07,61.714285714285715,117.71428571428571,59.142857142857146,15
11 de mai. de 2021,83,71,193,2,683,105,65,1.11,63,116.14285714285714,57.857142857142854,18
10 de mai. de 2021,47,49,200,7,673,115,60,1.12,62.42857142857143,115.85714285714286,57.285714285714285,17
9 de mai. de 2021,0,53,0,0,682,125,59,1.13,61.57142857142857,114.57142857142857,57.42857142857143,14
8 de mai. de 2021,44,65,48,3,735,125,59,1.16,61.57142857142857,111.57142857142857,56.285714285714285,15
7 de mai. de 2021,66,68,157,1,759,133,61,1.15,59.714285714285715,109.14285714285714,55.42857142857143,16
6 de mai. de 2021,85,65,192,1,762,111,51,1.18,59.714285714285715,104.71428571428571,53.857142857142854,15
5 de mai. de 2021,116,80,159,4,743,99,50,1.25,61.42857142857143,103.42857142857143,53.714285714285715,15
4 de mai. de 2021,79,73,98,1,711,103,61,1.22,58,103.28571428571429,53.57142857142857,12
3 de mai. de 2021,41,50,87,4,706,106,61,1.2,55.142857142857146,102.14285714285714,52.142857142857146,15
2 de mai. de 2021,0,68,0,1,719,104,51,1.22,54.57142857142857,100.42857142857143,50.57142857142857,13
1 de mai. de 2021,31,60,73,4,788,108,53,1.25,54.57142857142857,99.42857142857143,50.142857142857146,12
30 de abr. de 2021,66,62,121,0,821,102,50,1.4,61,97.85714285714286,49.42857142857143,8
29 de abr. de 2021,97,63,170,1,817,102,50,1.38,60.714285714285715,97.85714285714286,49.57142857142857,11
28 de abr. de 2021,92,59,157,1,784,98,49,1.18,52.42857142857143,97.71428571428571,49.42857142857143,14
27 de abr. de 2021,59,69,61,4,752,95,51,0.9,41.285714285714285,98.42857142857143,49.857142857142854,13
26 de abr. de 2021,37,53,94,2,766,94,50,0.95,44.714285714285715,100.28571428571429,50.42857142857143,11
25 de abr. de 2021,0,57,0,0,784,97,48,0.87,42.285714285714285,102.85714285714286,50.857142857142854,12
24 de abr. de 2021,76,63,98,0,841,97,48,0.85,42.285714285714285,104.57142857142857,52.714285714285715,12
23 de abr. de 2021,64,52,92,3,828,102,51,0.77,39.714285714285715,106.71428571428571,54.285714285714285,15
22 de abr. de 2021,39,59,92,4,819,101,49,0.71,37.42857142857143,108.57142857142857,54.714285714285715,14
21 de abr. de 2021,14,45,57,0,843,103,52,0.78,41.714285714285715,110.57142857142857,55.714285714285715,13
20 de abr. de 2021,83,85,124,2,874,108,55,0.8,43.714285714285715,111.28571428571429,56.285714285714285,14
19 de abr. de 2021,20,58,50,3,878,112,53,0.8,43.857142857142854,112.42857142857143,56.285714285714285,17
18 de abr. de 2021,0,34,0,0,919,109,61,0.85,47,112.42857142857143,56.285714285714285,18
17 de abr. de 2021,58,68,134,3,953,112,59,0.85,47,114.85714285714286,55.857142857142854,20
16 de abr. de 2021,48,44,32,2,966,115,54,0.95,52.714285714285715,117.14285714285714,56,18
15 de abr. de 2021,69,43,141,3,964,115,56,0.99,55.57142857142857,119.14285714285714,57.142857142857146,20
14 de abr. de 2021,28,24,68,1,941,108,56,0.92,52.714285714285715,122.42857142857143,58.142857142857146,22
13 de abr. de 2021,84,48,74,5,938,116,55,0.98,57.714285714285715,125.85714285714286,60,25
12 de abr. de 2021,42,64,70,4,907,112,53,0.91,55.714285714285715,129.85714285714286,62,25
11 de abr. de 2021,0,49,0,2,933,126,58,0.88,56.714285714285715,132.42857142857142,64.71428571428571,26
10 de abr. de 2021,98,75,83,1,984,128,60,0.83,56.714285714285715,138.28571428571428,68.42857142857143,24
9 de abr. de 2021,68,61,82,4,962,129,62,0.75,54,144.14285714285714,72.14285714285714,26
8 de abr. de 2021,49,57,85,5,959,138,63,0.58,44.285714285714285,150.71428571428572,74.85714285714286,26
7 de abr. de 2021,63,56,33,4,972,132,69,0.59,47.285714285714285,156.28571428571428,77.57142857142857,24
6 de abr. de 2021,70,59,112,5,969,144,69,0.61,51.142857142857146,161.57142857142858,79,23
5 de abr. de 2021,49,27,89,5,963,130,72,0.61,54.142857142857146,165.57142857142858,80,19
4 de abr. de 2021,0,43,0,0,946,167,84,0.63,58.714285714285715,172.71428571428572,81.28571428571429,24
3 de abr. de 2021,79,62,53,3,989,169,86,0.63,58.714285714285715,171.14285714285714,80,26
2 de abr. de 2021,0,67,0,4,975,175,81,0.63,60.42857142857143,169.71428571428572,79.14285714285714,25
1 de abr. de 2021,70,52,66,3,1046,177,82,0.8,77.57142857142857,167.28571428571428,78.28571428571429,24
31 de mar. de 2021,90,73,99,3,1031,169,79,0.83,81.42857142857143,165.28571428571428,77.71428571428571,25
30 de mar. de 2021,91,82,71,1,1017,172,76,0.82,80.85714285714286,162.57142857142858,78,24
29 de mar. de 2021,81,64,119,10,1009,180,81,0.88,86.85714285714286,160.57142857142858,78.14285714285714,26
28 de mar. de 2021,0,114,0,2,1002,156,75,0.9,88.14285714285714,155.42857142857142,76,23
27 de mar. de 2021,91,78,126,2,1118,159,80,0.98,93.85714285714286,155.14285714285714,75.57142857142857,24
26 de mar. de 2021,120,75,111,3,1107,158,75,1.02,94,153.85714285714286,74.57142857142857,23
25 de mar. de 2021,97,59,102,4,1065,163,78,1.1,97,153.42857142857142,74.85714285714286,22
24 de mar. de 2021,86,96,83,2,1031,150,81,1.17,96.71428571428571,151.85714285714286,74,27
23 de mar. de 2021,133,74,117,3,1043,158,77,1.36,105.57142857142857,151,73,28
22 de mar. de 2021,90,50,60,7,987,144,66,1.49,108,148.85714285714286,72.57142857142857,30
21 de mar. de 2021,40,65,103,3,954,154,72,1.7,115.42857142857143,148.42857142857142,74,29
20 de mar. de 2021,92,68,89,1,982,150,73,1.71,109.71428571428571,143.57142857142858,73.28571428571429,27
19 de mar. de 2021,141,114,114,2,959,155,77,1.67,102.28571428571429,140.85714285714286,72,26
18 de mar. de 2021,95,64,96,9,934,152,72,1.65,98,137.85714285714286,70.14285714285714,27
17 de mar. de 2021,148,80,92,3,912,144,74,1.55,90.71428571428571,134.14285714285714,68.85714285714286,20
16 de mar. de 2021,150,50,145,5,847,143,74,1.44,84.42857142857143,131,66.85714285714286,18
15 de mar. de 2021,142,46,65,6,752,141,76,1.28,74.85714285714286,128,64.14285714285714,17
14 de mar. de 2021,0,48,48,1,662,120,67,1.01,58.857142857142854,124.14285714285714,61.42857142857143,15
13 de mar. de 2021,40,33,27,0,711,131,64,1.01,58.857142857142854,122.71428571428571,59,15
12 de mar. de 2021,111,63,85,3,704,134,64,1.04,60.142857142857146,120.28571428571429,57.42857142857143,16
11 de mar. de 2021,44,31,35,2,659,126,63,0.97,55.714285714285715,119.28571428571429,56,15
10 de mar. de 2021,104,61,100,1,648,122,60,1.07,59.57142857142857,119.14285714285714,53.714285714285715,14
9 de mar. de 2021,83,62,66,4,606,122,55,1.02,54.142857142857146,120.57142857142857,51.57142857142857,14
8 de mar. de 2021,30,34,22,4,589,114,57,1.1,55,121.71428571428571,50.57142857142857,15
7 de mar. de 2021,0,34,0,1,597,110,50,1.26,58.857142857142854,121.57142857142857,48.857142857142854,13
6 de mar. de 2021,49,49,51,1,632,114,53,1.56,67.14285714285714,120.28571428571429,46.714285714285715,13
5 de mar. de 2021,80,38,84,2,633,127,54,1.68,66.28571428571429,118.57142857142857,44.285714285714285,12
4 de mar. de 2021,71,38,49,1,593,125,47,1.77,63.857142857142854,114.71428571428571,42,11
3 de mar. de 2021,66,51,59,1,561,132,45,1.91,63.142857142857146,108.85714285714286,41.142857142857146,13
2 de mar. de 2021,89,35,64,5,547,130,48,2.07,63.42857142857143,102.14285714285714,39.714285714285715,12
1 de mar. de 2021,57,31,111,2,498,113,45,1.96,56.285714285714285,96,38.42857142857143,9
28 de fev. de 2021,58,41,45,1,474,101,35,1.95,53.142857142857146,92.14285714285714,37,7
27 de fev. de 2021,43,31,22,0,458,102,36,1.7,44.857142857142854,90.14285714285714,36.42857142857143,6
26 de fev. de 2021,63,38,71,1,446,100,38,1.69,43.857142857142854,87.85714285714286,35.714285714285715,6
25 de fev. de 2021,66,50,53,3,422,84,41,1.47,38.142857142857146,85.85714285714286,34.714285714285715,7
24 de fev. de 2021,68,42,88,0,409,85,35,1.29,33.42857142857143,86.57142857142857,33.42857142857143,5
23 de fev. de 2021,39,25,53,2,383,87,39,0.96,25,85.42857142857143,32.42857142857143,5
22 de fev. de 2021,35,32,26,0,371,86,35,1.03,27,83.71428571428571,30.857142857142858,4
21 de fev. de 2021,0,34,0,0,368,87,31,1.01,27,81.85714285714286,29.142857142857142,4
20 de fev. de 2021,36,33,41,0,402,86,31,0.98,27,80.28571428571429,28,5
19 de fev. de 2021,23,41,68,2,399,86,31,0.82,23.714285714285715,78.57142857142857,26.857142857142858,5
18 de fev. de 2021,33,27,51,1,419,89,32,0.85,26,76.85714285714286,25.714285714285715,5
17 de fev. de 2021,9,28,128,0,414,77,28,0.82,26.714285714285715,75.42857142857143,24.714285714285715,5
16 de fev. de 2021,53,36,32,1,433,75,28,0.81,28.142857142857142,75,24.285714285714285,5
15 de fev. de 2021,35,24,15,0,417,73,23,0.6,22.142857142857142,76,24.142857142857142,6
14 de fev. de 2021,0,19,19,1,406,76,23,0.53,20.428571428571427,76.71428571428571,24.571428571428573,7
13 de fev. de 2021,13,35,19,0,426,74,23,0.51,20.428571428571427,75.57142857142857,24.571428571428573,7
12 de fev. de 2021,39,44,66,2,448,74,23,0.55,22.428571428571427,74.85714285714286,24.714285714285715,8
11 de fev. de 2021,38,34,53,1,455,79,25,0.64,26.285714285714285,74.42857142857143,24.857142857142858,7
10 de fev. de 2021,19,29,120,0,452,74,25,0.69,27.857142857142858,72.85714285714286,24.857142857142858,6
9 de fev. de 2021,11,24,25,2,462,82,27,0.84,33.714285714285715,72.14285714285714,25,7
8 de fev. de 2021,23,26,32,1,477,78,26,1.04,41.285714285714285,70.42857142857143,25.571428571428573,7
7 de fev. de 2021,0,24,0,1,481,68,23,1.03,41,68.28571428571429,25.714285714285715,6
6 de fev. de 2021,27,48,14,1,506,69,24,1.1,43.714285714285715,68,25.714285714285715,5
5 de fev. de 2021,66,43,90,1,528,71,24,1.14,45.42857142857143,67.57142857142857,25.571428571428573,4
4 de fev. de 2021,49,54,52,0,506,68,25,1.04,41.857142857142854,67.28571428571429,25.571428571428573,4
3 de fev. de 2021,60,53,23,1,511,69,26,1.01,41.142857142857146,69.14285714285714,26,5
2 de fev. de 2021,64,35,135,2,505,70,31,0.94,38.42857142857143,71,26.428571428571427,6
1 de fev. de 2021,21,27,65,0,478,63,27,0.92,37.857142857142854,72,26.142857142857142,4
31 de jan. de 2021,19,27,116,0,484,66,23,0.96,39.57142857142857,73.57142857142857,26.571428571428573,6
30 de jan. de 2021,39,33,46,0,492,66,23,0.91,37.57142857142857,74.28571428571429,28.142857142857142,6
29 de jan. de 2021,41,25,73,1,486,69,24,0.89,36.142857142857146,75.14285714285714,29.857142857142858,6
28 de jan. de 2021,44,40,155,1,471,81,28,0.99,39.857142857142854,75.85714285714286,31.428571428571427,5
27 de jan. de 2021,41,21,53,2,468,82,29,1.05,41.57142857142857,73.85714285714286,31.285714285714285,4
26 de jan. de 2021,60,44,60,0,450,77,29,1.13,44,73,31.428571428571427,2
25 de jan. de 2021,33,15,65,2,434,74,30,1.13,43.285714285714285,73,31,4
24 de jan. de 2021,5,44,10,0,418,71,34,1.09,41.285714285714285,71,30.428571428571427,2
23 de jan. de 2021,29,33,26,0,457,72,35,1.1,41.42857142857143,69.85714285714286,29.428571428571427,2
22 de jan. de 2021,67,49,74,0,461,74,35,1.21,45.857142857142854,69,28.285714285714285,3
21 de jan. de 2021,56,43,-108,0,443,67,27,1.13,42.857142857142854,67.14285714285714,27.142857142857142,4
20 de jan. de 2021,58,56,280,0,430,76,30,1.05,40.142857142857146,63.285714285714285,26.571428571428573,5
19 de jan. de 2021,55,39,107,2,428,77,26,0.97,39.57142857142857,58,26.142857142857142,6
18 de jan. de 2021,19,27,60,0,414,60,26,0.96,36.57142857142857,53.285714285714285,26.142857142857142,4
17 de jan. de 2021,6,53,138,0,422,63,27,0.94,35.142857142857146,49.57142857142857,25.714285714285715,7
16 de jan. de 2021,60,48,67,1,469,66,27,1,36.857142857142854,45.142857142857146,24.142857142857142,7
15 de jan. de 2021,46,24,129,1,458,61,27,1.02,36.857142857142854,40.57142857142857,22.857142857142858,6
14 de jan. de 2021,37,27,97,1,437,40,23,1.13,39.857142857142854,36.285714285714285,21.142857142857142,7
13 de jan. de 2021,54,32,122,1,428,39,27,1.08,37.42857142857143,36.42857142857143,21,6
12 de jan. de 2021,34,35,44,0,407,44,26,1.3,42.285714285714285,38.285714285714285,20,5
11 de jan. de 2021,9,24,81,3,408,34,23,1.15,39.57142857142857,40.57142857142857,19.428571428571427,5
10 de jan. de 2021,18,29,93,0,426,32,16,1.21,42.142857142857146,41.42857142857143,19,4
9 de jan. de 2021,60,45,71,0,437,34,18,1.15,40.285714285714285,44.57142857142857,19.285714285714285,4
8 de jan. de 2021,67,35,94,2,422,31,15,0.92,32.285714285714285,46.857142857142854,19.285714285714285,4
7 de jan. de 2021,20,55,38,0,392,41,22,0.81,28.142857142857142,49.57142857142857,19.714285714285715,2
6 de jan. de 2021,88,36,152,0,427,52,20,0.98,33.42857142857143,51.142857142857146,19.285714285714285,2
5 de jan. de 2021,15,39,73,0,375,60,22,0.84,28.428571428571427,50.57142857142857,19.285714285714285,2
4 de jan. de 2021,27,24,40,2,399,40,20,1.19,40.142857142857146,49,19.571428571428573,3
3 de jan. de 2021,5,38,57,0,398,54,18,1.15,38.714285714285715,52.714285714285715,20.428571428571427,1
2 de jan. de 2021,4,37,0,0,431,50,18,1.11,38,50.857142857142854,20,1
1 de jan. de 2021,38,29,70,0,464,50,18,1.14,39.42857142857143,49.714285714285715,19.571428571428573,1
31 de dez. de 2020,57,42,106,0,455,52,19,0.96,34.285714285714285,49.285714285714285,20.285714285714285,1
30 de dez. de 2020,53,53,129,0,440,48,20,0.94,34.42857142857143,48.857142857142854,20.428571428571427,1
29 de dez. de 2020,97,54,164,1,440,49,24,0.86,32,50.714285714285715,20.571428571428573,2
28 de dez. de 2020,17,17,49,0,398,66,26,0.73,27,52.42857142857143,19.571428571428573,1
27 de dez. de 2020,0,25,13,0,398,41,15,0.71,26.142857142857142,50.857142857142854,18.142857142857142,2
26 de dez. de 2020,14,29,81,0,423,42,15,0.74,26.857142857142858,52.142857142857146,18,2
25 de dez. de 2020,2,22,5,0,438,47,23,1.05,37.857142857142854,53,17.857142857142858,2
24 de dez. de 2020,58,64,128,0,458,49,20,1.18,42.142857142857146,54,17,6
23 de dez. de 2020,36,4,94,1,464,61,21,1.19,42.285714285714285,56.285714285714285,16.714285714285715,6
22 de dez. de 2020,62,30,287,0,433,61,17,1.16,41.285714285714285,54.714285714285715,16.285714285714285,6
21 de dez. de 2020,11,1,19,1,401,55,16,1.04,37,53.57142857142857,16.285714285714285,7
20 de dez. de 2020,5,28,12,0,392,50,14,1.04,37,52.285714285714285,16.142857142857142,7
19 de dez. de 2020,91,46,142,0,415,48,14,1.05,37,52.42857142857143,17,8
18 de dez. de 2020,32,9,98,4,370,54,17,0.89,30.857142857142858,53,18,9
17 de dez. de 2020,59,29,128,0,351,65,18,1.05,35.142857142857146,52.857142857142854,18.714285714285715,6
16 de dez. de 2020,29,30,104,1,321,50,18,0.98,31.428571428571427,50.57142857142857,18.857142857142858,7
15 de dez. de 2020,32,23,99,1,323,53,17,1.15,35,50.714285714285715,18.714285714285715,6
14 de dez. de 2020,11,11,27,1,315,46,15,1.46,42.42857142857143,51.857142857142854,18.428571428571427,5
13 de dez. de 2020,5,26,14,1,316,51,20,1.48,41.285714285714285,52.42857142857143,18.571428571428573,5
12 de dez. de 2020,48,22,51,1,338,52,21,1.52,40.714285714285715,49.857142857142854,18,4
11 de dez. de 2020,62,23,138,1,313,53,22,1.51,38.57142857142857,47.42857142857143,17.285714285714285,3
10 de dez. de 2020,33,25,94,1,275,49,19,1.33,32.42857142857143,44.714285714285715,16.142857142857142,2
9 de dez. de 2020,54,31,118,0,268,51,17,1.42,33,42,15.428571428571429,1
8 de dez. de 2020,84,24,283,0,245,61,15,1.53,33.857142857142854,39.57142857142857,14.714285714285714,1
7 de dez. de 2020,3,13,18,1,185,50,16,1.35,28.142857142857142,36,14.142857142857142,1
6 de dez. de 2020,1,12,18,0,196,33,16,1.41,28.857142857142858,34.285714285714285,13.285714285714286,0
5 de dez. de 2020,33,23,45,0,207,35,16,1.52,29.285714285714285,33.42857142857143,12.428571428571429,0
4 de dez. de 2020,19,14,118,0,197,34,14,1.61,27.714285714285715,32.285714285714285,11.571428571428571,0
3 de dez. de 2020,37,28,115,0,192,30,14,1.67,27,31.142857142857142,11,0
2 de dez. de 2020,60,27,193,0,183,34,12,1.77,26.571428571428573,29.857142857142858,10.428571428571429,0
1 de dez. de 2020,44,19,87,0,150,36,11,1.55,21.428571428571427,27.857142857142858,10.142857142857142,0
30 de nov. de 2020,8,13,124,0,125,38,10,1.63,20.714285714285715,25.285714285714285,9.142857142857142,0
29 de nov. de 2020,4,11,8,0,130,27,10,1.88,22.428571428571427,21.714285714285715,8.285714285714286,1
28 de nov. de 2020,22,7,30,0,137,27,10,1.94,22,19.428571428571427,7.142857142857143,1
27 de nov. de 2020,14,12,87,0,122,26,10,1.79,19.428571428571427,17.428571428571427,6.142857142857143,1
26 de nov. de 2020,34,4,182,0,120,21,10,1.64,17.428571428571427,15.571428571428571,5.142857142857143,1
25 de nov. de 2020,24,33,113,0,90,20,10,1.43,15,14.571428571428571,4.285714285714286,1
24 de nov. de 2020,39,16,157,0,99,18,4,1.53,16,13.714285714285714,3.142857142857143,1
23 de nov. de 2020,20,10,145,1,76,13,4,1.18,12.285714285714286,13.857142857142858,3.2857142857142856,1
22 de nov. de 2020,1,10,9,0,67,11,2,0.96,9.857142857142858,14.857142857142858,3.4285714285714284,1
21 de nov. de 2020,4,3,12,0,76,13,3,0.96,9.714285714285714,16,4.428571428571429,1
20 de nov. de 2020,0,9,5,0,75,13,3,0.99,10,16.857142857142858,5.285714285714286,1
19 de nov. de 2020,17,12,120,0,84,14,4,1.25,12.428571428571429,18.142857142857142,5.857142857142857,1
18 de nov. de 2020,31,12,93,0,79,14,2,1.2,11.714285714285714,18.857142857142858,6.571428571428571,1
17 de nov. de 2020,13,7,96,0,60,19,5,0.96,9.142857142857142,20,7.285714285714286,1
16 de nov. de 2020,3,8,23,1,54,20,5,1.03,9.571428571428571,20.571428571428573,7.571428571428571,1
15 de nov. de 2020,0,6,6,0,60,19,9,1.22,11.142857142857142,20.142857142857142,7.857142857142857,0
14 de nov. de 2020,6,33,45,0,66,19,9,1.28,11.571428571428571,19.142857142857142,7.714285714285714,0
13 de nov. de 2020,17,11,21,0,93,22,7,1.21,11,18.142857142857142,7.571428571428571,0
12 de nov. de 2020,12,9,96,0,87,19,9,1.09,10,17,7.714285714285714,0
11 de nov. de 2020,13,6,16,0,84,22,7,1.12,10.571428571428571,16.571428571428573,7.857142857142857,0
10 de nov. de 2020,16,6,37,0,77,23,7,1.13,11,15.285714285714286,8.142857142857142,0
9 de nov. de 2020,14,9,90,0,67,17,7,0.9,9,14,8.428571428571429,1
8 de nov. de 2020,3,9,29,0,62,12,8,0.7,7.142857142857143,13.857142857142858,8.714285714285714,1
7 de nov. de 2020,2,6,7,0,68,12,8,0.71,7.285714285714286,14.285714285714286,9,1
6 de nov. de 2020,10,11,187,0,72,14,8,0.85,8.714285714285714,14.571428571428571,9,1
5 de nov. de 2020,16,11,121,0,73,16,10,0.8,8.142857142857142,14.285714285714286,9.285714285714286,2
4 de nov. de 2020,16,7,48,0,68,13,9,0.95,9.428571428571429,13.428571428571429,9,2
3 de nov. de 2020,2,6,17,1,59,14,9,0.93,9,13,8.571428571428571,2
2 de nov. de 2020,1,8,3,0,64,16,9,1.17,11,12.428571428571429,8,2
1 de nov. de 2020,4,8,18,0,71,15,10,1.23,11.285714285714286,12,7.428571428571429,2
31 de out. de 2020,12,5,44,0,75,14,8,1.34,12,12.714285714285714,7.142857142857143,2
30 de out. de 2020,6,3,24,1,68,12,10,1.18,10.428571428571429,13.714285714285714,7.428571428571429,2
29 de out. de 2020,25,13,80,0,66,10,8,1.36,12,15.285714285714286,7.571428571428571,1
28 de out. de 2020,13,8,32,0,54,10,6,1.15,10.142857142857142,16.857142857142858,7.857142857142857,2
27 de out. de 2020,16,9,67,1,49,10,5,1.14,10,18.285714285714285,8.428571428571429,2
26 de out. de 2020,3,10,36,0,43,13,5,1.02,9,20,9.142857142857142,1
25 de out. de 2020,9,8,15,0,50,20,8,1,8.857142857142858,22,9.857142857142858,2
24 de out. de 2020,1,11,12,0,49,21,10,0.9,8,23,10,2
23 de out. de 2020,17,11,68,0,59,23,11,1.05,9.428571428571429,23.857142857142858,9.857142857142858,2
22 de out. de 2020,12,5,61,1,53,21,10,1.03,9.285714285714286,24.428571428571427,9.428571428571429,2
21 de out. de 2020,12,7,45,0,47,20,10,0.99,9,26,9.285714285714286,2
20 de out. de 2020,9,6,58,0,42,22,10,0.84,7.714285714285714,28,9.285714285714286,4
19 de out. de 2020,2,5,41,1,39,27,10,0.92,8.571428571428571,30.142857142857142,9.857142857142858,4
18 de out. de 2020,3,12,3,0,43,27,9,0.99,9.428571428571429,29.857142857142858,9.857142857142858,3
17 de out. de 2020,11,8,64,0,52,27,9,0.92,9,30.142857142857142,10.714285714285714,3
16 de out. de 2020,16,12,58,0,49,27,8,0.9,9.142857142857142,30.571428571428573,11.571428571428571,3
15 de out. de 2020,10,7,57,1,45,32,9,0.81,8.571428571428571,30.428571428571427,12.285714285714286,4
14 de out. de 2020,3,5,23,2,43,34,10,0.8,8.857142857142858,29.571428571428573,13,3
13 de out. de 2020,15,10,49,0,47,37,14,0.79,9.285714285714286,27.857142857142858,13.571428571428571,1
12 de out. de 2020,8,4,11,0,42,25,10,0.72,8.857142857142858,26,13.714285714285714,1
11 de out. de 2020,0,4,3,0,38,29,15,0.59,7.714285714285714,25.714285714285715,14.428571428571429,1
10 de out. de 2020,12,5,61,0,42,30,15,0.71,9.714285714285714,24,13.857142857142858,1
9 de out. de 2020,12,5,54,1,35,26,13,0.62,8.857142857142858,22.285714285714285,13.428571428571429,2
8 de out. de 2020,12,5,13,0,29,26,14,0.59,8.857142857142858,21.428571428571427,13.571428571428571,1
7 de out. de 2020,6,15,88,0,22,22,14,0.59,9,21.571428571428573,13.428571428571429,1
6 de out. de 2020,12,16,69,0,31,24,15,0.7,11.571428571428571,22.428571428571427,13.428571428571429,2
5 de out. de 2020,0,5,33,0,35,23,15,0.72,12.142857142857142,23.142857142857142,13,3
4 de out. de 2020,14,9,78,0,40,17,11,0.83,14.142857142857142,24.285714285714285,12.857142857142858,3
3 de out. de 2020,6,8,15,1,35,18,12,0.72,12.428571428571429,25.571428571428573,12.428571428571429,3
2 de out. de 2020,12,16,55,0,38,20,14,0.88,15.285714285714286,26.714285714285715,12,2
1 de out. de 2020,13,10,24,0,42,27,13,0.96,16.428571428571427,27.571428571428573,11.428571428571429,2
30 de set. de 2020,24,18,118,1,39,28,14,0.88,15.857142857142858,27.571428571428573,11.571428571428571,3
29 de set. de 2020,16,0,47,1,34,29,12,0.87,15.571428571428571,27.714285714285715,11.428571428571429,2
28 de set. de 2020,14,14,46,0,19,31,14,0.89,16.571428571428573,27.428571428571427,11,1
27 de set. de 2020,2,2,3,0,19,26,8,0.83,16.142857142857142,26,10.428571428571429,3
26 de set. de 2020,26,24,66,0,19,26,9,0.83,17.142857142857142,26,10.857142857142858,4
25 de set. de 2020,20,41,123,0,17,26,10,0.67,14.714285714285714,27.142857142857142,11.428571428571429,5
24 de set. de 2020,9,21,52,1,38,27,14,0.68,16.142857142857142,29.428571428571427,12.142857142857142,7
23 de set. de 2020,22,49,104,0,51,29,13,0.66,16.285714285714285,31,12.142857142857142,9
22 de set. de 2020,23,62,84,0,78,27,9,0.59,15.571428571428571,32.714285714285715,12.428571428571429,10
21 de set. de 2020,11,20,36,2,117,21,10,0.57,15.714285714285714,35,13.285714285714286,13
20 de set. de 2020,9,19,34,1,128,26,11,0.56,16.428571428571427,38.285714285714285,14,12
19 de set. de 2020,9,19,34,1,139,34,13,0.59,18.142857142857142,41.142857142857146,14,11
18 de set. de 2020,30,29,113,2,150,42,15,0.63,20.142857142857142,42.142857142857146,13.857142857142858,10
17 de set. de 2020,10,32,52,3,151,38,14,0.55,18.571428571428573,40.42857142857143,13.285714285714286,8
16 de set. de 2020,17,48,96,1,176,41,15,0.62,21.714285714285715,40.42857142857143,13,6
15 de set. de 2020,24,49,65,3,208,43,15,0.71,26.428571428571427,40.142857142857146,12.571428571428571,7
14 de set. de 2020,16,32,26,1,236,44,15,0.77,30.285714285714285,38.142857142857146,12.142857142857142,4
13 de set. de 2020,21,46,62,0,253,46,11,0.68,28.571428571428573,36.42857142857143,13.142857142857142,4
12 de set. de 2020,23,31,85,0,278,41,12,0.62,27.428571428571427,34.57142857142857,14.857142857142858,4
11 de set. de 2020,19,32,86,0,286,30,11,0.59,28,32.57142857142857,16.285714285714285,5
10 de set. de 2020,32,35,105,1,299,38,12,0.6,29.571428571428573,31.571428571428573,17.714285714285715,6
9 de set. de 2020,50,58,125,2,303,39,12,0.65,33.42857142857143,31.285714285714285,19.142857142857142,5
8 de set. de 2020,51,43,168,0,313,29,12,0.58,30.571428571428573,30.428571428571427,20.428571428571427,4
7 de set. de 2020,4,52,5,1,305,32,22,0.51,26.714285714285715,31.857142857142858,21.142857142857142,6
6 de set. de 2020,13,43,58,0,354,33,23,0.7,35.285714285714285,32.857142857142854,20.428571428571427,7
5 de set. de 2020,27,58,63,1,384,27,22,0.83,39.57142857142857,34.42857142857143,19.571428571428573,7
4 de set. de 2020,30,62,168,1,416,23,21,1.07,46.857142857142854,36.714285714285715,18.857142857142858,6
3 de set. de 2020,59,56,192,0,449,36,22,1.34,53.714285714285715,40,18.857142857142858,6
2 de set. de 2020,30,47,109,1,446,33,21,1.68,61,41.857142857142854,18.571428571428573,6
1 de set. de 2020,24,56,119,2,464,39,17,2.01,67.42857142857143,44.285714285714285,18.428571428571427,5
31 de ago. de 2020,64,89,272,2,498,39,17,2.14,67.42857142857143,46.142857142857146,18.857142857142858,5
30 de ago. de 2020,43,24,123,0,525,44,17,1.96,59.42857142857143,49.142857142857146,19.285714285714285,4
29 de ago. de 2020,78,73,1270,0,506,43,17,1.79,54,49.57142857142857,19.285714285714285,5
28 de ago. de 2020,78,34,293,1,501,46,21,1.63,50.285714285714285,50.142857142857146,19.142857142857142,8
27 de ago. de 2020,110,27,309,0,458,49,20,1.34,42.285714285714285,50.857142857142854,18.714285714285715,9
26 de ago. de 2020,75,33,290,0,375,50,20,0.99,32,51.57142857142857,19.142857142857142,9
25 de ago. de 2020,24,28,69,2,333,52,20,0.74,24.571428571428573,51.714285714285715,19.857142857142858,9
24 de ago. de 2020,8,21,69,1,339,60,20,0.83,28.285714285714285,52.857142857142854,21,8
23 de ago. de 2020,5,32,9,1,353,47,17,0.81,28.142857142857142,53.285714285714285,22.142857142857142,9
22 de ago. de 2020,52,53,140,3,381,47,16,0.94,33.714285714285715,58,24,8
21 de ago. de 2020,22,36,89,2,385,51,18,0.77,27.857142857142858,61.57142857142857,25.857142857142858,6
20 de ago. de 2020,38,22,227,0,401,54,23,0.75,28,64.85714285714286,27.428571428571427,4
19 de ago. de 2020,23,49,69,0,385,51,25,0.79,30.428571428571427,69.71428571428571,28.428571428571427,4
18 de ago. de 2020,50,62,175,1,411,60,28,0.8,31.714285714285715,72.14285714285714,29.142857142857142,5
17 de ago. de 2020,7,43,11,2,424,63,28,0.81,33.285714285714285,74.57142857142857,29.142857142857142,6
16 de ago. de 2020,44,67,89,0,462,80,30,0.8,34.42857142857143,76.28571428571429,29,4
15 de ago. de 2020,11,58,43,1,485,72,29,0.67,30,74.57142857142857,28,5
14 de ago. de 2020,23,61,109,0,533,74,29,0.67,31.142857142857142,73.57142857142857,27.285714285714285,7
13 de ago. de 2020,55,54,93,0,571,88,30,0.82,39.857142857142854,73.28571428571429,26.857142857142858,9
12 de ago. de 2020,32,101,106,1,570,68,30,0.66,32.857142857142854,72.14285714285714,26.714285714285715,10
11 de ago. de 2020,61,76,128,2,640,77,28,0.72,37.57142857142857,73.85714285714286,26.428571428571427,10
10 de ago. de 2020,15,79,72,0,657,75,27,0.69,37.285714285714285,75,25.857142857142858,8
9 de ago. de 2020,13,87,21,1,721,68,23,0.73,40.142857142857146,76.57142857142857,25.571428571428573,11
8 de ago. de 2020,19,98,67,3,796,65,24,0.69,38.857142857142854,79.57142857142857,26,11
7 de ago. de 2020,84,75,273,2,878,72,26,0.79,45.42857142857143,82.85714285714286,26.571428571428573,9
6 de ago. de 2020,6,54,27,1,871,80,29,0.81,47.42857142857143,85.71428571428571,26.714285714285715,8
5 de ago. de 2020,65,82,278,1,920,80,28,0.87,52.285714285714285,87.57142857142857,26.428571428571427,9
4 de ago. de 2020,59,71,239,0,938,85,24,0.83,51.42857142857143,89.42857142857143,26.428571428571427,8
3 de ago. de 2020,35,73,213,3,950,86,25,0.84,52.857142857142854,90.71428571428571,26.714285714285715,12
2 de ago. de 2020,4,37,5,1,991,89,26,0.82,53.142857142857146,90.42857142857143,26.428571428571427,10
1 de ago. de 2020,65,89,155,1,1025,88,28,0.81,53.142857142857146,88.42857142857143,26.142857142857142,14
31 de jul. de 2020,98,78,41,1,1050,92,27,0.76,50.42857142857143,87.28571428571429,25.714285714285715,14
30 de jul. de 2020,40,63,75,2,1031,93,27,0.88,58.142857142857146,87.42857142857143,26.142857142857142,14
29 de jul. de 2020,59,58,143,0,1056,93,28,0.89,57.857142857142854,87.28571428571429,26.857142857142858,13
28 de jul. de 2020,69,53,158,4,1055,94,26,0.91,58.142857142857146,86.71428571428571,26.857142857142858,14
27 de jul. de 2020,37,62,51,1,1043,84,23,1,62.714285714285715,85.28571428571429,27.142857142857142,11
26 de jul. de 2020,4,35,5,5,1069,75,24,1.05,64.57142857142857,86,27.857142857142858,11
25 de jul. de 2020,46,57,108,1,1105,80,25,1.27,77.14285714285714,85.14285714285714,28.714285714285715,6
24 de jul. de 2020,152,62,222,1,1117,93,30,1.25,74.28571428571429,84.28571428571429,29,6
23 de jul. de 2020,38,42,75,1,1028,92,32,1.02,59.714285714285715,80.57142857142857,28.714285714285715,7
22 de jul. de 2020,61,38,108,1,1033,89,28,1.14,67,78.42857142857143,28,6
21 de jul. de 2020,101,47,193,1,1011,84,28,1.24,73,78,27.428571428571427,9
20 de jul. de 2020,50,31,62,1,958,89,28,1.14,68.42857142857143,77.42857142857143,27,9
19 de jul. de 2020,92,0,112,0,940,69,30,1.05,64.42857142857143,75,26.857142857142858,10
18 de jul. de 2020,26,11,54,1,848,74,27,0.83,52.142857142857146,74.28571428571429,25.428571428571427,10
17 de jul. de 2020,50,23,85,2,834,67,28,0.96,61.285714285714285,73.57142857142857,25,12
16 de jul. de 2020,89,46,112,0,809,77,27,0.89,57.285714285714285,74,24.857142857142858,11
15 de jul. de 2020,103,53,131,4,766,86,24,0.79,49.57142857142857,73.85714285714286,24.714285714285715,13
14 de jul. de 2020,69,47,84,1,720,80,25,0.77,46.42857142857143,74.85714285714286,24.571428571428573,11
13 de jul. de 2020,22,31,22,2,699,72,27,0.77,43.42857142857143,74.42857142857143,24,10
12 de jul. de 2020,6,21,4,0,710,64,20,1.31,70.28571428571429,76,23,12
11 de jul. de 2020,90,37,75,3,725,69,24,1.66,79.57142857142857,77.28571428571429,22.857142857142858,12
10 de jul. de 2020,22,0,37,1,675,70,27,1.6,69.71428571428571,79,22.285714285714285,9
9 de jul. de 2020,35,63,88,2,654,76,26,1.83,73.14285714285714,81.71428571428571,21.714285714285715,13
8 de jul. de 2020,81,48,93,2,684,93,23,2.05,76.14285714285714,83.57142857142857,21.714285714285715,11
7 de jul. de 2020,48,82,88,0,653,77,21,2.08,73.14285714285714,84.71428571428571,22,9
6 de jul. de 2020,210,56,76,4,687,83,20,2.21,74.42857142857143,85.14285714285714,22.571428571428573,10
5 de jul. de 2020,71,31,65,0,537,73,19,1.5,48.857142857142854,85,23.285714285714285,7
4 de jul. de 2020,21,45,32,0,497,81,20,1.25,39.42857142857143,84,23.714285714285715,7
3 de jul. de 2020,46,24,91,5,521,89,23,1.53,46.57142857142857,82.14285714285714,24.142857142857142,7
2 de jul. de 2020,56,83,83,0,504,89,26,1.5,44.857142857142854,81,24,2
1 de jul. de 2020,60,24,64,0,531,101,25,1.35,40,78,23.571428571428573,8
30 de jun. de 2020,57,83,95,1,495,80,25,1.18,34.714285714285715,72.66666666666667,23.714285714285715,8
29 de jun. de 2020,31,0,45,1,522,82,25,1.12,33,71,23.714285714285715,7
28 de jun. de 2020,5,38,29,0,492,66,22,1.14,32.714285714285715,70.5,23.857142857142858,8
27 de jun. de 2020,71,45,177,0,525,68,23,1.16,32.857142857142854,70.66666666666667,24,8
26 de jun. de 2020,34,0,71,0,499,null,22,0.94,26.142857142857142,70.66666666666667,24.142857142857142,8
25 de jun. de 2020,22,0,34,6,465,71,23,1,27.142857142857142,70.85714285714286,24,10
24 de jun. de 2020,23,0,27,0,449,69,26,1.09,28.428571428571427,71.42857142857143,23.714285714285715,4
23 de jun. de 2020,45,77,89,0,426,70,25,1.29,32,71.57142857142857,22,5
22 de jun. de 2020,29,0,95,2,458,79,26,1.29,30.285714285714285,71,20.428571428571427,5
21 de jun. de 2020,6,15,2,0,431,67,23,1.35,29.428571428571427,67.57142857142857,18.428571428571427,3
20 de jun. de 2020,24,11,44,0,440,68,24,1.49,30,64.71428571428571,17.142857142857142,3
19 de jun. de 2020,41,0,73,2,427,72,21,1.74,32.142857142857146,61.57142857142857,15.714285714285714,3
18 de jun. de 2020,31,0,61,0,388,75,21,1.8,30.285714285714285,57.857142857142854,14.285714285714286,2
17 de jun. de 2020,48,0,82,1,357,70,14,1.89,28.571428571428573,53.857142857142854,13,3
16 de jun. de 2020,33,0,79,0,310,66,14,2.01,27.142857142857142,50,12.571428571428571,4
15 de jun. de 2020,23,0,16,0,277,55,12,2.25,27.285714285714285,46.857142857142854,12.285714285714286,4
14 de jun. de 2020,10,0,7,0,254,47,14,2.32,25.285714285714285,45.57142857142857,12,4
13 de jun. de 2020,39,24,259,0,244,46,14,2.45,24,43.857142857142854,11.857142857142858,4
12 de jun. de 2020,28,0,5,1,229,46,11,2.17,19.142857142857142,42.285714285714285,11.571428571428571,5
11 de jun. de 2020,19,20,7,1,202,47,12,2.27,18.142857142857142,40.857142857142854,11.857142857142858,4
10 de jun. de 2020,38,0,12,2,204,43,11,2.45,17.714285714285715,38.142857142857146,11.714285714285714,4
9 de jun. de 2020,34,0,4,0,168,44,12,2.26,14.714285714285714,36.142857142857146,11.714285714285714,3
8 de jun. de 2020,9,0,2,0,134,46,10,2,11.571428571428571,33.285714285714285,11.857142857142858,3
7 de jun. de 2020,1,0,0,0,125,35,13,2.06,10.571428571428571,29.857142857142858,11.857142857142858,3
6 de jun. de 2020,5,4,8,1,124,35,12,2.27,10.428571428571429,27.714285714285715,11.428571428571429,3
5 de jun. de 2020,21,0,0,0,124,36,13,2.69,11.142857142857142,25.571428571428573,11.285714285714286,4
4 de jun. de 2020,16,0,8,1,103,28,11,2.51,9.428571428571429,24,11.571428571428571,4
3 de jun. de 2020,17,0,4,1,88,29,11,2.3,7.857142857142857,23.571428571428573,11.428571428571429,4
2 de jun. de 2020,12,0,3,0,72,24,13,2.17,6.714285714285714,22.428571428571427,11,3
1 de jun. de 2020,2,0,1,0,60,22,10,1.99,5.571428571428571,21.285714285714285,10.285714285714286,3
31 de mai. de 2020,0,0,0,0,58,20,10,2.09,5.285714285714286,19.714285714285715,9.714285714285714,3
30 de mai. de 2020,10,3,2,2,58,20,11,2.3,5.285714285714286,18.857142857142858,9.142857142857142,4
29 de mai. de 2020,9,0,6,0,53,25,15,2.2,4.571428571428571,17.857142857142858,8.428571428571429,3
28 de mai. de 2020,5,0,0,1,44,25,10,2.06,3.857142857142857,17.142857142857142,7.571428571428571,3
27 de mai. de 2020,9,0,2,0,40,21,8,2.37,4,17,7.857142857142857,2
26 de mai. de 2020,4,0,0,0,31,16,8,2.01,3,17,8.571428571428571,2
25 de mai. de 2020,0,0,0,0,27,11,6,2.03,2.7142857142857144,18.285714285714285,9.142857142857142,2
24 de mai. de 2020,0,0,0,1,27,14,6,2.44,3,19.857142857142858,9.714285714285714,2
23 de mai. de 2020,5,18,2,1,28,13,6,2.59,3,20.833333333333332,10.333333333333334,1
22 de mai. de 2020,4,1,3,0,42,20,9,2.19,2.4285714285714284,21.5,10.5,0
21 de mai. de 2020,6,1,11,0,39,24,12,1.99,2.142857142857143,20.833333333333332,10,0
20 de mai. de 2020,2,0,3,0,34,21,13,1.38,1.4285714285714286,19.166666666666668,8.833333333333334,0
19 de mai. de 2020,2,0,0,0,32,25,12,1.27,1.2857142857142858,17.666666666666668,7.333333333333333,0
18 de mai. de 2020,2,0,3,0,30,22,10,1.43,1.4285714285714286,15.5,6.166666666666667,1
17 de mai. de 2020,0,0,0,0,28,null,null,1.18,1.1428571428571428,14.5,5.166666666666667,1
16 de mai. de 2020,1,0,0,0,28,17,7,1.22,1.1428571428571428,13.857142857142858,5.142857142857143,1
15 de mai. de 2020,2,0,0,0,27,16,6,1.13,1,13.333333333333334,4.833333333333333,1
14 de mai. de 2020,1,0,0,0,25,14,5,1.19,1,12.333333333333334,4.6,1
13 de mai. de 2020,1,0,4,0,24,12,4,1.4,1.1428571428571428,12,4.5,1
12 de mai. de 2020,3,0,2,1,23,12,5,1.61,1.2857142857142858,12,4.666666666666667,1
11 de mai. de 2020,0,0,1,0,21,16,4,1.45,1.1428571428571428,12.8,5.333333333333333,0
10 de mai. de 2020,0,0,2,0,21,10,5,1.41,1.1428571428571428,12.2,6,0
9 de mai. de 2020,0,0,null,0,21,null,null,1.33,1.1428571428571428,12.75,6.5,0
8 de mai. de 2020,2,0,3,0,21,10,null,1.23,1.1428571428571428,13.4,6,0
7 de mai. de 2020,2,13,9,0,19,12,null,0.87,0.8571428571428571,14.8,5.75,0
6 de mai. de 2020,2,0,null,0,null,null,null,0.69,0.7142857142857143,15.8,5.6,0
5 de mai. de 2020,2,0,0,0,null,16,7,0.53,0.5714285714285714,15.666666666666666,5.666666666666667,0
4 de mai. de 2020,0,0,2,0,null,13,6,0.29,0.2857142857142857,15.833333333333334,5.666666666666667,1
3 de mai. de 2020,0,0,null,0,null,null,null,0.59,0.7142857142857143,16.166666666666668,5.833333333333333,1
2 de mai. de 2020,0,0,2,0,null,16,5,0.56,0.7142857142857143,15.428571428571429,5.428571428571429,1
1 de mai. de 2020,0,0,6,0,null,17,5,0.74,1,14.714285714285714,5.142857142857143,1
30 de abr. de 2020,1,0,3,0,null,17,5,0.71,1,15.142857142857142,5.571428571428571,1
29 de abr. de 2020,1,0,1,0,null,15,6,0.68,1,15.571428571428571,6,2
28 de abr. de 2020,0,0,5,1,null,17,7,0.91,1.4285714285714286,16.428571428571427,6.428571428571429,2
27 de abr. de 2020,3,0,2,0,null,15,7,0.89,1.4285714285714286,null,6.857142857142857,1
26 de abr. de 2020,0,0,0,0,null,11,3,0.64,1,null,7.285714285714286,2
25 de abr. de 2020,2,0,8,0,null,11,3,0.66,1,null,8.142857142857142,2
24 de abr. de 2020,0,0,1,0,null,20,8,0.89,1.2857142857142858,null,9,2
23 de abr. de 2020,1,0,4,1,null,20,8,0.99,1.2857142857142858,null,9.142857142857142,2
22 de abr. de 2020,4,0,16,0,null,21,9,1.51,1.7142857142857142,null,9.428571428571429,2
21 de abr. de 2020,0,0,7,0,null,20,10,1.84,1.7142857142857142,null,9.142857142857142,2
20 de abr. de 2020,0,0,8,1,null,20,10,2.87,2.142857142857143,null,9,2
19 de abr. de 2020,0,0,null,0,null,25,9,3.73,2.142857142857143,null,8.5,2
18 de abr. de 2020,4,0,0,0,null,25,9,5.5,2.4285714285714284,null,8,3
17 de abr. de 2020,0,0,1,0,null,21,9,5.81,2,null,7.8,3
16 de abr. de 2020,4,0,5,1,null,16,10,7.06,2,null,7.4,3
15 de abr. de 2020,4,0,0,0,null,11,7,6.03,1.4285714285714286,null,6.6,3
14 de abr. de 2020,3,0,-1,0,null,14,null,null,0.8571428571428571,null,6.4,3
13 de abr. de 2020,0,0,1,1,null,13,7,null,0.5714285714285714,null,6.5,3
12 de abr. de 2020,2,0,5,1,null,20,6,null,0.5714285714285714,null,6.333333333333333,2
11 de abr. de 2020,1,0,null,0,null,24,null,null,0.2857142857142857,null,6.333333333333333,1
10 de abr. de 2020,0,0,3,0,null,21,7,null,0.2857142857142857,null,6.428571428571429,1
9 de abr. de 2020,0,0,null,1,null,25,6,null,0.2857142857142857,null,5.571428571428571,1
8 de abr. de 2020,0,0,4,0,null,22,6,null,0.2857142857142857,null,5.5,0
7 de abr. de 2020,1,0,0,0,null,17,7,null,0.2857142857142857,null,5.4,0
6 de abr. de 2020,0,0,5,0,null,17,6,null,0.14285714285714285,null,5,0
5 de abr. de 2020,0,0,4,0,null,16,6,null,0.14285714285714285,null,4.666666666666667,0
4 de abr. de 2020,1,0,4,0,null,14,7,null,0.14285714285714285,null,4,0
3 de abr. de 2020,0,0,null,0,null,12,1,null,0,null,1,0
2 de abr. de 2020,0,0,null,0,null,12,null,null,0,null,null,0
1 de abr. de 2020,0,0,null,0,null,10,null,null,0,null,null,0
31 de mar. de 2020,0,0,null,0,null,10,null,null,null,null,null,null
30 de mar. de 2020,0,0,null,0,null,10,null,null,null,null,null,null
29 de mar. de 2020,0,0,null,0,null,10,null,null,null,null,null,null
28 de mar. de 2020,0,0,null,0,null,12,null,null,null,null,null,null
27 de mar. de 2020,0,0,null,0,null,14,null,null,null,null,null,null
26 de mar. de 2020,0,0,null,0,null,16,null,null,null,null,null,null
25 de mar. de 2020,1,null,null,null,null,15,null,null,null,null,null,null